page	section	item	key	field	en	ms	content_type	translatable	render	ms_status	en_chars	ms_chars	len_ratio	glossary_hits	draft	placeholder	correction	has_image	image_ref
index	media		common.media.captions.homeHero	homeHero	Grow through every stage.	Berkembang di setiap peringkat.	microcopy	TRUE	static	translated	25	31	1.24		TRUE	FALSE		TRUE	assets/img/anchors/home-hero.webp
index	media		common.media.alts.homeHero	homeHero	Illustration of the Urbane Ethos centre building with families, children and therapists gathered in the garden and car park outside	Ilustrasi bangunan pusat Urbane Ethos dengan keluarga, kanak-kanak dan ahli terapi berkumpul di taman dan tempat letak kereta di luar	alt-text	TRUE	static	translated	131	133	1.02	Centre;Child;Children;Families	TRUE	FALSE		TRUE	assets/img/anchors/home-hero.webp
index	hero		home.hero.eyebrow	eyebrow	Urbane Ethos	Urbane Ethos	eyebrow	TRUE	static	identical	12	12	1.00		FALSE	FALSE		TRUE	assets/img/anchors/home-hero.webp
index	hero		home.hero.title	title	Urbane Ethos Early Intervention Center	Pusat Intervensi Awal Urbane Ethos	heading	TRUE	static	translated	38	34	0.89	Early Intervention;Urbane Ethos Early Intervention Center;Center	FALSE	FALSE		FALSE	
index	hero		home.hero.headline	headline	Therapy for every stage of life	Terapi untuk setiap peringkat kehidupan	microcopy	TRUE	unresolved	translated	31	39	1.26		FALSE	FALSE		FALSE	
index	hero		home.hero.subtitle	subtitle	We offer client centered rehabilitation and therapy for motor development, sensory integration, speech-language therapy as well as social and cognitive stimulation for neurodivergent individuals ranging from toddlers, children, adults and elderly.	Kami menawarkan pemulihan dan terapi berpusatkan klien untuk perkembangan motor, integrasi sensori, terapi pertuturan-bahasa serta rangsangan sosial dan kognitif bagi individu neurodivergen daripada bayi, kanak-kanak, dewasa hingga warga emas.	body	TRUE	static	translated	247	243	0.98	Center;Child;Children;Adult	FALSE	FALSE		TRUE	assets/img/anchors/home-hero.webp
index	hero		home.hero.primaryCta	primaryCta	Find Out More	Ketahui Lebih Lanjut	cta	TRUE	static	translated	13	20	1.54	Find Out More	FALSE	FALSE		TRUE	assets/img/anchors/home-hero.webp
index	hero		home.hero.secondaryCta	secondaryCta	Watch our intro	Tonton pengenalan kami	cta	TRUE	unresolved	translated	15	22	1.47	Watch our intro	FALSE	FALSE		FALSE	
index	personalization		home.personalization.heading	heading	Tell us a little about the person who needs support	Ceritakan sedikit tentang orang yang memerlukan sokongan	heading	TRUE	static	translated	51	56	1.10		TRUE	FALSE		FALSE	
index	personalization		home.personalization.subheading	subheading	You, your child, or someone you care for — any age. Skip if you'd rather browse on your own.	Anda, anak anda, atau orang yang anda sayangi — pada sebarang usia. Langkau jika anda lebih suka melihat-lihat sendiri.	body	TRUE	static	translated	92	119	1.29	Child	TRUE	FALSE		FALSE	
index	personalization		home.personalization.ageLabel	ageLabel	Age group	Kumpulan umur	label	TRUE	static	translated	9	13	1.44		FALSE	FALSE		FALSE	
index	personalization	0	home.personalization.ageOptions[0].value	value	early-years	early-years	non-copy	FALSE	unresolved	identical	11	11	1.00		FALSE	FALSE		FALSE	
index	personalization	0	home.personalization.ageOptions[0].label	label	0–3 · Early years	0–3 · Awal kanak-kanak	option	TRUE	unresolved	translated	17	22	1.29	Early years	FALSE	FALSE		FALSE	
index	personalization	1	home.personalization.ageOptions[1].value	value	preschool	preschool	non-copy	FALSE	unresolved	identical	9	9	1.00	Preschool	FALSE	FALSE		FALSE	
index	personalization	1	home.personalization.ageOptions[1].label	label	4–6 · Preschool	4–6 · Prasekolah	option	TRUE	unresolved	translated	15	16	1.07	Preschool	FALSE	FALSE		FALSE	
index	personalization	2	home.personalization.ageOptions[2].value	value	school-age	school-age	non-copy	FALSE	unresolved	identical	10	10	1.00		FALSE	FALSE		FALSE	
index	personalization	2	home.personalization.ageOptions[2].label	label	7–12 · School age	7–12 · Usia sekolah	option	TRUE	unresolved	translated	17	19	1.12	School age	FALSE	FALSE		FALSE	
index	personalization	3	home.personalization.ageOptions[3].value	value	teen	teen	non-copy	FALSE	unresolved	identical	4	4	1.00		FALSE	FALSE		FALSE	
index	personalization	3	home.personalization.ageOptions[3].label	label	13–17 · Teenager	13–17 · Remaja	option	TRUE	unresolved	translated	16	14	0.88	Teenager	FALSE	FALSE		FALSE	
index	personalization	4	home.personalization.ageOptions[4].value	value	adult	adult	non-copy	FALSE	unresolved	identical	5	5	1.00	Adult	FALSE	FALSE		FALSE	
index	personalization	4	home.personalization.ageOptions[4].label	label	18–59 · Adult	18–59 · Dewasa	option	TRUE	unresolved	translated	13	14	1.08	Adult	FALSE	FALSE		FALSE	
index	personalization	5	home.personalization.ageOptions[5].value	value	older-adult	older-adult	non-copy	FALSE	unresolved	identical	11	11	1.00	Adult	FALSE	FALSE		FALSE	
index	personalization	5	home.personalization.ageOptions[5].label	label	60+ · Older adult	60+ · Warga emas	option	TRUE	unresolved	translated	17	16	0.94	Adult;Older adult	FALSE	FALSE		FALSE	
index	personalization		home.personalization.concernLabel	concernLabel	Main areas of concern — choose any that apply	Bidang utama yang membimbangkan — pilih mana-mana yang berkaitan	label	TRUE	static	translated	45	64	1.42		FALSE	FALSE		FALSE	
index	personalization	0	home.personalization.concernOptions[0].value	value	speech	speech	non-copy	FALSE	unresolved	identical	6	6	1.00		FALSE	FALSE		FALSE	
index	personalization	0	home.personalization.concernOptions[0].label	label	Speech & communication	Pertuturan & komunikasi	option	TRUE	unresolved	translated	22	23	1.05	Speech & communication	FALSE	FALSE		FALSE	
index	personalization	1	home.personalization.concernOptions[1].value	value	motor-skills	motor-skills	non-copy	FALSE	unresolved	identical	12	12	1.00		FALSE	FALSE		FALSE	
index	personalization	1	home.personalization.concernOptions[1].label	label	Movement & motor skills	Pergerakan & kemahiran motor	option	TRUE	unresolved	translated	23	28	1.22	Movement & motor skills	FALSE	FALSE		FALSE	
index	personalization	2	home.personalization.concernOptions[2].value	value	behaviour	behaviour	non-copy	FALSE	unresolved	identical	9	9	1.00		FALSE	FALSE		FALSE	
index	personalization	2	home.personalization.concernOptions[2].label	label	Behaviour & emotions	Tingkah laku & emosi	option	TRUE	unresolved	translated	20	20	1.00	Behaviour & emotions	FALSE	FALSE		FALSE	
index	personalization	3	home.personalization.concernOptions[3].value	value	learning	learning	non-copy	FALSE	unresolved	identical	8	8	1.00		FALSE	FALSE		FALSE	
index	personalization	3	home.personalization.concernOptions[3].label	label	Learning & cognition	Pembelajaran & kognitif	option	TRUE	unresolved	translated	20	23	1.15	Learning & cognition	FALSE	FALSE		FALSE	
index	personalization	4	home.personalization.concernOptions[4].value	value	daily-living	daily-living	non-copy	FALSE	unresolved	identical	12	12	1.00		FALSE	FALSE		FALSE	
index	personalization	4	home.personalization.concernOptions[4].label	label	Daily living & independence	Kehidupan seharian & berdikari	option	TRUE	unresolved	translated	27	30	1.11	Daily living & independence	FALSE	FALSE		FALSE	
index	personalization	5	home.personalization.concernOptions[5].value	value	not-sure	not-sure	non-copy	FALSE	unresolved	identical	8	8	1.00		FALSE	FALSE		FALSE	
index	personalization	5	home.personalization.concernOptions[5].label	label	Not sure	Tidak pasti	option	TRUE	unresolved	translated	8	11	1.38	Not sure	FALSE	FALSE		FALSE	
index	personalization		home.personalization.stageLabel	stageLabel	What stage are you at?	Anda berada di peringkat mana?	label	TRUE	static	translated	22	30	1.36		FALSE	FALSE		FALSE	
index	personalization	0	home.personalization.stageOptions[0].value	value	exploring	exploring	non-copy	FALSE	unresolved	identical	9	9	1.00		FALSE	FALSE		FALSE	
index	personalization	0	home.personalization.stageOptions[0].label	label	Just exploring	Sekadar melihat-lihat	option	TRUE	unresolved	translated	14	21	1.50	Just exploring	FALSE	FALSE		FALSE	
index	personalization	1	home.personalization.stageOptions[1].value	value	assessing	assessing	non-copy	FALSE	unresolved	identical	9	9	1.00		FALSE	FALSE		FALSE	
index	personalization	1	home.personalization.stageOptions[1].label	label	Looking to assess	Ingin membuat penilaian	option	TRUE	unresolved	translated	17	23	1.35	Looking to assess	FALSE	FALSE		FALSE	
index	personalization	2	home.personalization.stageOptions[2].value	value	booking	booking	non-copy	FALSE	unresolved	identical	7	7	1.00		FALSE	FALSE		FALSE	
index	personalization	2	home.personalization.stageOptions[2].label	label	Ready to book	Sedia untuk menempah	option	TRUE	unresolved	translated	13	20	1.54	Ready to book	FALSE	FALSE		FALSE	
index	personalization		home.personalization.ageNotes.child	child	For children 12 and below, ask us about the Early Intervention Programme — school-readiness sessions (ages 6–12) and play group (ages 3–5).	Untuk kanak-kanak 12 tahun ke bawah, tanya kami tentang Program Intervensi Awal — sesi kesediaan sekolah (umur 6–12) dan kumpulan bermain (umur 3–5).	microcopy	TRUE	unresolved	translated	139	149	1.07	Early Intervention;Early Intervention Program;Session;Child;Children	TRUE	FALSE		FALSE	
index	personalization		home.personalization.ageNotes.teen	teen	For teens we run social-skills groups (13–18), vocational skills training (15+) and an ADL group for adolescents, alongside individual therapy.	Untuk remaja, kami menjalankan kumpulan kemahiran sosial (13–18), latihan kemahiran vokasional (15+) dan kumpulan Aktiviti Kehidupan Seharian (ADL) untuk remaja, di samping terapi individu.	microcopy	TRUE	unresolved	translated	143	189	1.32		TRUE	FALSE		FALSE	
index	personalization		home.personalization.ageNotes.adult	adult	Adults are welcome too — individual occupational therapy, speech-language therapy, clinical psychology and cognitive stimulation sessions.	Dewasa juga dialu-alukan — sesi individu Terapi Carakerja, terapi pertuturan-bahasa, Psikologi Klinikal dan rangsangan kognitif.	microcopy	TRUE	unresolved	translated	138	128	0.93	Occupational Therapy;Clinical Psychology;Session;Adult	TRUE	FALSE		FALSE	
index	personalization		home.personalization.ageNotes.olderAdult	olderAdult	For older adults we offer individual therapy, cognitive stimulation, and daily-living and rehabilitation support.	Untuk warga emas, kami menawarkan terapi individu, rangsangan kognitif, serta sokongan kehidupan seharian dan pemulihan.	microcopy	TRUE	unresolved	translated	113	120	1.06	Adult;Older adult	TRUE	FALSE		FALSE	
index	personalization		home.personalization.submit	submit	Show me what's relevant	Tunjukkan apa yang berkaitan	cta	TRUE	static	translated	23	28	1.22		FALSE	FALSE		FALSE	
index	personalization		home.personalization.skip	skip	Skip	Langkau	cta	TRUE	static	translated	4	7	1.75		FALSE	FALSE		FALSE	
index	personalization		home.personalization.locked.eyebrow	eyebrow	Personalise	Peribadikan	eyebrow	TRUE	static	translated	11	11	1.00		TRUE	FALSE		FALSE	
index	personalization		home.personalization.locked.heading	heading	See what's most relevant to you	Lihat apa yang paling berkaitan dengan anda	heading	TRUE	static	translated	31	43	1.39		TRUE	FALSE		FALSE	
index	personalization		home.personalization.locked.body	body	Turn on personalisation and we'll tailor this page to you — we reorder our services to your main concern and highlight what fits. It's optional, and you can change your cookie choices anytime.	Hidupkan pemperibadian dan kami akan menyesuaikan halaman ini untuk anda — kami menyusun semula perkhidmatan mengikut kebimbangan utama anda dan menyerlahkan apa yang sesuai. Ia pilihan, dan anda boleh menukar pilihan kuki pada bila-bila masa.	body	TRUE	static	translated	192	243	1.27		TRUE	FALSE		FALSE	
index	personalization		home.personalization.locked.cta	cta	Enable personalisation	Hidupkan pemperibadian	cta	TRUE	static	translated	22	22	1.00		TRUE	FALSE		FALSE	
index	location		home.location.eyebrow	eyebrow	Come say hello	Datang bertemu kami	eyebrow	TRUE	static	translated	14	19	1.36		FALSE	FALSE		TRUE	map-embed
index	location		home.location.title	title	Visit us	Lawati kami	heading	TRUE	static	translated	8	11	1.38		FALSE	FALSE		TRUE	map-embed
index	location		home.location.address	address	No. 4, Jalan Elektron E U16/E, Seksyen U16, E-Boulevard, Denai Alam, 40160 Shah Alam, Selangor	No. 4, Jalan Elektron E U16/E, Seksyen U16, E-Boulevard, Denai Alam, 40160 Shah Alam, Selangor	microcopy	TRUE	static	identical	94	94	1.00		FALSE	FALSE		TRUE	map-embed
index	location		home.location.mapLabel	mapLabel	map / location	peta / lokasi	label	TRUE	unresolved	translated	14	13	0.93		FALSE	FALSE		FALSE	
index	location		home.location.hours[0]	hours	Monday: 12PM – 5PM	Isnin: 12PM – 5PM	list-item	TRUE	unresolved	translated	18	17	0.94	Monday	FALSE	FALSE		FALSE	
index	location		home.location.hours[1]	hours	Tuesday – Saturday: 9AM – 6PM	Selasa – Sabtu: 9AM – 6PM	list-item	TRUE	unresolved	translated	29	25	0.86	Tuesday;Saturday	FALSE	FALSE		FALSE	
index	location		home.location.hours[2]	hours	Closed Sunday & Public Holidays	Tutup pada hari Ahad & Cuti Umum	list-item	TRUE	unresolved	translated	31	32	1.03	Close;Sunday;Public Holidays;Closed	FALSE	FALSE		FALSE	
index	services		home.services.eyebrow	eyebrow	Our services	Perkhidmatan kami	eyebrow	TRUE	static	translated	12	17	1.42		FALSE	FALSE		FALSE	
index	services		home.services.heading	heading	How we can help	Bagaimana kami boleh membantu	heading	TRUE	static	translated	15	29	1.93		FALSE	FALSE		FALSE	
index	services	0 · screening	home.services.items[0].key	key	screening	screening	non-copy	FALSE	unresolved	identical	9	9	1.00		FALSE	FALSE		FALSE	
index	services	0 · screening	home.services.items[0].title	title	Screening & Assessment	Saringan & Penilaian	heading	TRUE	unresolved	translated	22	20	0.91		FALSE	FALSE		FALSE	
index	services	0 · screening	home.services.items[0].blurb	blurb	Two separate services: screening (Occupational Therapy — fine motor, school readiness; Clinical Psychology — emotional, behavioural) and a holistic 3-in-1 assessment covering Occupational Therapy, Speech-Language and Communication, and Clinical Psychology.	Dua perkhidmatan berasingan: saringan (Terapi Carakerja — motor halus, kesediaan sekolah; Psikologi Klinikal — emosi, tingkah laku) dan penilaian holistik 3-dalam-1 yang merangkumi Terapi Carakerja, Bahasa-Pertuturan dan Komunikasi, serta Psikologi Klinikal.	body	TRUE	unresolved	translated	256	258	1.01	Occupational Therapy;Clinical Psychology	FALSE	FALSE		FALSE	
index	services	1 · ot	home.services.items[1].key	key	ot	ot	non-copy	FALSE	unresolved	identical	2	2	1.00		FALSE	FALSE		FALSE	
index	services	1 · ot	home.services.items[1].title	title	Occupational Therapy	Terapi Carakerja	heading	TRUE	unresolved	translated	20	16	0.80	Occupational Therapy	FALSE	FALSE		FALSE	
index	services	1 · ot	home.services.items[1].blurb	blurb	Paediatric occupational therapy focuses on helping children develop the skills they need to grow into functional, independent adults.	Terapi carakerja pediatrik memberi tumpuan untuk membantu anak membina kemahiran yang diperlukan agar mereka membesar menjadi orang dewasa yang berfungsi dan berdikari.	body	TRUE	unresolved	translated	133	168	1.26	Occupational Therapy;Child;Children;Adult	FALSE	FALSE		FALSE	
index	services	2 · speech	home.services.items[2].key	key	speech	speech	non-copy	FALSE	unresolved	identical	6	6	1.00		FALSE	FALSE		FALSE	
index	services	2 · speech	home.services.items[2].title	title	Speech Therapy	Terapi Pertuturan	heading	TRUE	unresolved	translated	14	17	1.21	Speech Therapy	FALSE	FALSE		FALSE	
index	services	2 · speech	home.services.items[2].blurb	blurb	Speech therapists handle speech issues such as stuttering or lisps, as well as helping other kinds of problems with spoken and written language such as dyslexia, dyspraxia, and auditory processing disorder.	Ahli terapi pertuturan menangani isu pertuturan seperti gagap atau pelat, serta membantu masalah bahasa lisan dan bertulis seperti disleksia, dispraksia, dan gangguan pemprosesan auditori.	body	TRUE	unresolved	translated	206	188	0.91		FALSE	FALSE		FALSE	
index	services	3 · specialed	home.services.items[3].key	key	specialed	specialed	non-copy	FALSE	unresolved	identical	9	9	1.00		FALSE	FALSE		FALSE	
index	services	3 · specialed	home.services.items[3].title	title	Cognitive Therapy & Special Education	Terapi Kognitif & Pendidikan Khas	heading	TRUE	unresolved	translated	37	33	0.89	Special Education	FALSE	FALSE		FALSE	
index	services	3 · specialed	home.services.items[3].blurb	blurb	Cognitive therapy and special education delivered by our professionally licensed team as part of an integrated, multidisciplinary set up.	Terapi kognitif dan pendidikan khas yang disampaikan oleh pasukan kami yang berlesen profesional sebagai sebahagian daripada penyediaan pelbagai disiplin yang bersepadu.	body	TRUE	unresolved	translated	137	169	1.23	Special Education;Team	FALSE	FALSE		FALSE	
index	services	4 · eip	home.services.items[4].key	key	eip	eip	non-copy	FALSE	unresolved	identical	3	3	1.00		FALSE	FALSE		FALSE	
index	services	4 · eip	home.services.items[4].title	title	IEP & Early Intervention Program	IEP & Program Intervensi Awal	heading	TRUE	unresolved	translated	32	29	0.91	Early Intervention;Early Intervention Program	FALSE	FALSE		FALSE	
index	services	4 · eip	home.services.items[4].blurb	blurb	Therapy-based group program conducted daily by our certified Occupational Therapist, Speech Therapist/Clinical Linguist as well as our Special Education Teacher.	Program berkumpulan berasaskan terapi yang dijalankan setiap hari oleh Ahli Terapi Carakerja, Ahli Terapi Pertuturan/Pakar Linguistik Klinikal serta Guru Pendidikan Khas kami yang bertauliah.	body	TRUE	unresolved	translated	161	191	1.19	Special Education	FALSE	FALSE		FALSE	
index	services	5 · psych	home.services.items[5].key	key	psych	psych	non-copy	FALSE	unresolved	identical	5	5	1.00		FALSE	FALSE		FALSE	
index	services	5 · psych	home.services.items[5].title	title	Clinical Psychology	Psikologi Klinikal	heading	TRUE	unresolved	translated	19	18	0.95	Clinical Psychology	FALSE	FALSE		FALSE	
index	services	5 · psych	home.services.items[5].blurb	blurb	Clinical psychologists meet with clients to identify problems - emotional, mental, and behavioural - in their lives. Through observation, interviews, and tests, the psychologist will diagnose any existing or potential disorders.	Ahli psikologi klinikal bertemu klien untuk mengenal pasti masalah — emosi, mental, dan tingkah laku — dalam hidup mereka. Melalui pemerhatian, temu bual, dan ujian, ahli psikologi akan mendiagnosis sebarang gangguan sedia ada atau berpotensi.	body	TRUE	unresolved	translated	228	243	1.07		FALSE	FALSE		FALSE	
index	testimonial		home.testimonial.quote	quote	Yes. They are very helpful during and after sessions. therapists can further help to explain what can be done to assist the patient in meeting a specific target /milestone/goal for the next session. A checklist would be great to help parents to monitor the progress of the patient.	Ya. Mereka sangat membantu semasa dan selepas sesi. Ahli terapi boleh menerangkan lagi apa yang boleh dilakukan untuk membantu pesakit mencapai sasaran/pencapaian/matlamat tertentu untuk sesi berikutnya. Senarai semak akan sangat membantu ibu bapa untuk memantau perkembangan pesakit.	quote	TRUE	static	translated	281	284	1.01	Session;Parent;Parents	FALSE	FALSE		FALSE	
index	testimonial		home.testimonial.attribution	attribution	En S, Parent	En S, Parent	quote	TRUE	static	identical	12	12	1.00	Parent	FALSE	FALSE		FALSE	
index	whatWeDo		home.whatWeDo.heading	heading	What can we do for you?	Apa yang boleh kami bantu?	heading	TRUE	static	translated	23	26	1.13		FALSE	FALSE		FALSE	
index	whatWeDo		home.whatWeDo.intro	intro	Urbane Ethos provides early intervention for language and speech disorders, motor, cognitive and learning difficulties. Our support comes in three shapes:	Urbane Ethos menyediakan intervensi awal untuk gangguan bahasa dan pertuturan, serta kesukaran motor, kognitif dan pembelajaran. Sokongan kami hadir dalam tiga bentuk:	body	TRUE	static	translated	154	167	1.08	Early Intervention	FALSE	FALSE		FALSE	
index	whatWeDo		home.whatWeDo.points[0]	points	Individual one-to-one and group therapy sessions, with parent consultations alongside the therapists.	Sesi terapi individu satu-dengan-satu dan berkumpulan, bersama konsultasi ibu bapa berdampingan dengan ahli terapi.	list-item	TRUE	unresolved	translated	101	115	1.14	Session;Parent	FALSE	FALSE		FALSE	
index	whatWeDo		home.whatWeDo.points[1]	points	Parent and teacher training, seminars and workshops throughout the year.	Latihan ibu bapa dan guru, seminar serta bengkel sepanjang tahun.	list-item	TRUE	unresolved	translated	72	65	0.90	Parent	FALSE	FALSE		FALSE	
index	whatWeDo		home.whatWeDo.points[2]	points	Assessment and screening programs, in-clinic and at schools, by certified allied-health professionals.	Program penilaian dan saringan, di klinik dan di sekolah, oleh profesional kesihatan bersekutu yang bertauliah.	list-item	TRUE	unresolved	translated	102	111	1.09		FALSE	FALSE		FALSE	
index	whatWeDo		home.whatWeDo.body	body	Urbane Ethos Early Intervention Center provides early intervention for language and speech disorders, motor, cognitive and learning disabilities. We provide 1. Individualized one-to-one therapy sessions and group sessions along with parent consultations and discussions with therapists 2. Parent and Teacher Training, Seminars, and Workshops 3. Assessments and Screening programs in-clinic and to schools by trained and certified allied health professionals	Pusat Intervensi Awal Urbane Ethos menyediakan intervensi awal untuk gangguan bahasa dan pertuturan, ketidakupayaan motor, kognitif dan pembelajaran. Kami menyediakan 1. Sesi terapi satu-dengan-satu individu dan sesi berkumpulan bersama konsultasi ibu bapa serta perbincangan dengan ahli terapi 2. Latihan Ibu Bapa dan Guru, Seminar, dan Bengkel 3. Program penilaian dan saringan di klinik dan ke sekolah oleh profesional kesihatan bersekutu yang terlatih dan bertauliah	body	TRUE	unresolved	translated	457	470	1.03	Early Intervention;Urbane Ethos Early Intervention Center;Center;Session;Parent	FALSE	FALSE		FALSE	
index	staff		home.staff.eyebrow	eyebrow	The people	Orang di sebalik pusat	eyebrow	TRUE	static	translated	10	22	2.20		FALSE	FALSE		TRUE	assets/img/staff-pdf/dr-norizan-rajak.jpg
index	staff		home.staff.title	title	Meet the people who'll be there	Temui orang yang akan menemani anda	heading	TRUE	static	translated	31	35	1.13		FALSE	FALSE		TRUE	assets/img/staff-pdf/dr-norizan-rajak.jpg
index	staff		home.staff.intro	intro	A small team, on purpose. Your child works with the same familiar faces from the first screening onward.	Pasukan kecil, secara sengaja. Anak anda bekerja dengan wajah yang sama dan biasa dari saringan pertama lagi.	body	TRUE	static	translated	104	109	1.05	Team;Child	FALSE	FALSE		TRUE	assets/img/staff-pdf/dr-norizan-rajak.jpg
index	staff		home.staff.cta	cta	Meet everyone	Temui semua	cta	TRUE	static	translated	13	11	0.85		FALSE	FALSE		TRUE	assets/img/staff-pdf/dr-norizan-rajak.jpg
index	staff		home.staff.more	more	…and {count} more of us who'll say hello.	…dan {count} lagi daripada kami yang akan menyapa anda.	cta	TRUE	unresolved	translated	41	55	1.34		FALSE	FALSE		FALSE	
index	staffFeatured	0 · dr-norizan-rajak	home.staffFeatured[0].id	id	dr-norizan-rajak	dr-norizan-rajak	non-copy	FALSE	js	identical	16	16	1.00		FALSE	FALSE		FALSE	
index	staffFeatured	0 · dr-norizan-rajak	home.staffFeatured[0].greeting	greeting	Hi, I'm Norizan	Hai, saya Norizan	microcopy	TRUE	js	translated	15	17	1.13		FALSE	FALSE		FALSE	
index	staffFeatured	0 · dr-norizan-rajak	home.staffFeatured[0].personalLine	personalLine	I sit with families through the hardest questions first.	Saya menemani keluarga menghadapi soalan yang paling sukar terlebih dahulu.	microcopy	TRUE	js	translated	56	75	1.34	Families	FALSE	FALSE		FALSE	
index	staffFeatured	1 · ms-robin-koh-hui-xuan	home.staffFeatured[1].id	id	ms-robin-koh-hui-xuan	ms-robin-koh-hui-xuan	non-copy	FALSE	js	identical	21	21	1.00		FALSE	FALSE		FALSE	
index	staffFeatured	1 · ms-robin-koh-hui-xuan	home.staffFeatured[1].greeting	greeting	Hi, I'm Robin	Hai, saya Robin	microcopy	TRUE	js	translated	13	15	1.15		FALSE	FALSE		FALSE	
index	staffFeatured	1 · ms-robin-koh-hui-xuan	home.staffFeatured[1].personalLine	personalLine	I help people give a voice to their struggles, and build a life that feels like their own.	Saya membantu setiap orang memberi suara kepada kesukaran yang mereka hadapi, dan membina kehidupan yang benar-benar milik mereka sendiri.	microcopy	TRUE	js	translated	90	138	1.53		FALSE	FALSE		FALSE	
index	staffFeatured	2 · mrs-norizzati-afiqah	home.staffFeatured[2].id	id	mrs-norizzati-afiqah	mrs-norizzati-afiqah	non-copy	FALSE	js	identical	20	20	1.00		FALSE	FALSE		FALSE	
index	staffFeatured	2 · mrs-norizzati-afiqah	home.staffFeatured[2].greeting	greeting	Hi, I'm Norizzati	Hai, saya Norizzati	microcopy	TRUE	js	translated	17	19	1.12		FALSE	FALSE		FALSE	
index	staffFeatured	2 · mrs-norizzati-afiqah	home.staffFeatured[2].personalLine	personalLine	Play is how I find out what a child is ready to learn next.	Bermain ialah cara saya mengetahui apa yang anak sudah bersedia untuk pelajari seterusnya.	microcopy	TRUE	js	translated	59	90	1.53	Child	FALSE	FALSE		FALSE	
index	events		home.events.eyebrow	eyebrow	Events	Acara	eyebrow	TRUE	static	translated	6	5	0.83		FALSE	FALSE		FALSE	
index	events		home.events.heading	heading	Small workshops, quiet meetups	Bengkel kecil, perjumpaan yang tenang	heading	TRUE	static	translated	30	37	1.23		FALSE	FALSE		FALSE	
index	events		home.events.blurb	blurb	⟪PLACEHOLDER⟫ Lorem ipsum dolor sit amet, consectetur adipiscing elit, sed do eiusmod tempor incididunt ut labore et dolore magna aliqua.	⟪PLACEHOLDER⟫ Lorem ipsum dolor sit amet, consectetur adipiscing elit, sed do eiusmod tempor incididunt ut labore et dolore magna aliqua.	body	TRUE	static	identical	137	137	1.00		FALSE	TRUE		FALSE	
index	events		home.events.cta	cta	Get in touch	Hubungi kami	cta	TRUE	static	translated	12	12	1.00	Get in touch	FALSE	FALSE		FALSE	
index	recommendedRail		home.recommendedRail.heading	heading	Recommended for you	Disyorkan untuk anda	heading	TRUE	static	translated	19	20	1.05		FALSE	FALSE		FALSE	
index	recommendedRail		home.recommendedRail.subheading	subheading	Based on what you shared earlier	Berdasarkan apa yang anda kongsi sebelum ini	body	TRUE	static	translated	32	44	1.38		FALSE	FALSE		FALSE	
index	recommendedRail		home.recommendedRail.resetLabel	resetLabel	Reset preferences	Set semula pilihan	microcopy	TRUE	static	translated	17	18	1.06		FALSE	FALSE		FALSE	
index	blog		home.blog.heading	heading	BLOG	BLOG	heading	TRUE	static	identical	4	4	1.00		FALSE	FALSE		TRUE	assets/img/blog/year-end-promo/hero.webp
index	blog		home.blog.viewAll	viewAll	View all articles	Lihat semua artikel	cta	TRUE	static	translated	17	19	1.12		FALSE	FALSE		TRUE	assets/img/blog/year-end-promo/hero.webp
about	hero		about.hero.title	title	ABOUT US	TENTANG KAMI	heading	TRUE	static	translated	8	12	1.50		FALSE	FALSE		TRUE	assets/img/anchors/about-hero.jpg
about	hero		about.hero.subtitle	subtitle	A therapy centre for neurodivergent individuals — we cater between 0–20 years old and expanding to older and elderly patients.	Sebuah pusat terapi untuk individu neurodivergen — kami memberi khidmat kepada mereka yang berumur 0–20 tahun dan sedang berkembang kepada pesakit yang lebih dewasa dan warga emas.	body	TRUE	static	translated	126	180	1.43	Centre	FALSE	FALSE		TRUE	assets/img/anchors/about-hero.jpg
about	mission		about.mission.heading	heading	About us	Tentang kami	heading	TRUE	static	translated	8	12	1.50		FALSE	FALSE		TRUE	assets/img/anchors/about-team.jpg
about	mission		about.mission.body	body	At Urbane Ethos Early Intervention Center, we believe that a holistic approach to therapy, driven by transdisciplinary collaboration, is the key to unlocking each client's full potential. Our team, comprised of Clinical Linguists, Speech-Language Therapists, Occupational Therapist, Clinical Psychologist and Special Education Teacher, work seamlessly together to provide comprehensive, evidence-based care tailored to individual needs.	Di Pusat Intervensi Awal Urbane Ethos, kami percaya bahawa pendekatan terapi yang holistik, digerakkan oleh kerjasama transdisiplinari, adalah kunci untuk merungkai potensi penuh setiap klien. Pasukan kami, yang terdiri daripada Ahli Linguistik Klinikal, Ahli Terapi Bahasa-Pertuturan, Ahli Terapi Carakerja, Ahli Psikologi Klinikal dan Guru Pendidikan Khas, bekerjasama dengan lancar untuk menyediakan penjagaan menyeluruh dan berasaskan bukti yang disesuaikan dengan keperluan individu.	body	TRUE	static	translated	436	488	1.12	Early Intervention;Special Education;Urbane Ethos Early Intervention Center;Center;Team	FALSE	FALSE		TRUE	assets/img/anchors/about-team.jpg
about	story		about.story.heading	heading	Our story	Kisah kami	heading	TRUE	static	translated	9	10	1.11		FALSE	FALSE		TRUE	assets/img/anchors/about-team.jpg
about	story		about.story.body	body	Since 2005, we have had over 20 years of experience providing client-centered intervention for language and speech disorders, developmental disorders, mental health disorders and for learning disabilities. Urbane Ethos Early Intervention Center started up the first multi-displinary center in 2005 based in Shah Alam and has since aided children, adolescents and parents in achieving developmental milestones and overcoming their disability or disorder to achieve a greater quality of life.	Sejak 2005, kami mempunyai lebih 20 tahun pengalaman menyediakan intervensi berfokuskan klien untuk gangguan bahasa dan pertuturan, gangguan perkembangan, gangguan kesihatan mental dan untuk ketidakupayaan pembelajaran. Pusat Intervensi Awal Urbane Ethos memulakan pusat pelbagai disiplin yang pertama pada tahun 2005 yang berpangkalan di Shah Alam dan sejak itu telah membantu kanak-kanak, remaja dan ibu bapa mencapai pencapaian perkembangan serta mengatasi ketidakupayaan atau gangguan mereka demi kualiti hidup yang lebih baik.	body	TRUE	static	translated	490	531	1.08	Early Intervention;Urbane Ethos Early Intervention Center;Center;Child;Children;Parent;Parents	FALSE	FALSE		TRUE	assets/img/anchors/about-team.jpg
about	visionMission		about.visionMission.heading	heading	Vision & Mission	Visi & Misi	heading	TRUE	static	translated	16	11	0.69		FALSE	FALSE		FALSE	
about	visionMission	0 · Vision	about.visionMission.items[0].title	title	Vision	Visi	heading	TRUE	unresolved	translated	6	4	0.67		FALSE	FALSE		FALSE	
about	visionMission	0 · Vision	about.visionMission.items[0].body	body	1. To provide rehabilitative and therapeutic services at an international standard in the local context. 2. To empower individuals of all ages to achieve their fullest potential through compassionate, evidence-based, and collaborative therapy services.	1. Menyediakan perkhidmatan pemulihan dan terapeutik pada standard antarabangsa dalam konteks tempatan. 2. Memperkasakan individu daripada semua peringkat umur untuk mencapai potensi sepenuhnya melalui perkhidmatan terapi yang penuh belas kasihan, berasaskan bukti, dan bersifat kolaboratif.	body	TRUE	unresolved	translated	252	291	1.15		FALSE	FALSE		FALSE	
about	visionMission	1 · Mission	about.visionMission.items[1].title	title	Mission	Misi	heading	TRUE	unresolved	translated	7	4	0.57		FALSE	FALSE		FALSE	
about	visionMission	1 · Mission	about.visionMission.items[1].body	body	1. To provide effective, quality and accessible therapy services. 2. To provide holistic, individualized, and transdisciplinary therapy and intervention services that support the developmental, communicative, and psychological well-being of our clients.	1. Menyediakan perkhidmatan terapi yang berkesan, berkualiti dan mudah diakses. 2. Menyediakan perkhidmatan terapi dan intervensi yang holistik, diperibadikan, dan transdisiplinari yang menyokong kesejahteraan perkembangan, komunikasi, dan psikologi klien kami.	body	TRUE	unresolved	translated	253	261	1.03		FALSE	FALSE		FALSE	
about	ctas		about.ctas.services	services	View services	Lihat perkhidmatan	microcopy	TRUE	static	translated	13	18	1.38	View services	FALSE	FALSE		FALSE	
about	ctas		about.ctas.contact	contact	Get in touch	Hubungi kami	microcopy	TRUE	static	translated	12	12	1.00	Get in touch	FALSE	FALSE		FALSE	
about	media		common.media.captions.aboutHero	aboutHero	Children learning side by side at the centre.	Kanak-kanak belajar bersama di pusat.	microcopy	TRUE	static	translated	45	37	0.82	Centre;Child;Children	TRUE	FALSE		TRUE	assets/img/anchors/about-hero.jpg
about	media		common.media.captions.aboutTeam	aboutTeam	The people your child will see.	Orang yang akan ditemui anak anda.	microcopy	TRUE	static	translated	31	34	1.10	Child	TRUE	FALSE		TRUE	assets/img/anchors/about-team.jpg
about	media		common.media.alts.aboutHero	aboutHero	Two children writing in their notebooks at a table, seen from behind	Dua kanak-kanak menulis dalam buku nota di meja, dilihat dari belakang	alt-text	TRUE	static	translated	68	70	1.03	Child;Children	TRUE	FALSE		TRUE	assets/img/anchors/about-hero.jpg
about	media		common.media.alts.aboutTeam	aboutTeam	The Urbane Ethos team standing together in the therapy room	Pasukan Urbane Ethos berdiri bersama di dalam bilik terapi	alt-text	TRUE	static	translated	59	58	0.98	Team	TRUE	FALSE		TRUE	assets/img/anchors/about-team.jpg
staff	a11y		common.a11y.playVideoPlaceholder	playVideoPlaceholder	Play introduction video	Mainkan video pengenalan	microcopy	TRUE	static	translated	23	24	1.04		FALSE	FALSE		TRUE	assets/img/staff-pdf/dr-norizan-rajak.jpg
staff	a11y		common.a11y.videoUnavailable	videoUnavailable	Video coming soon	Video akan datang tidak lama lagi	microcopy	TRUE	static	translated	17	33	1.94		FALSE	FALSE		FALSE	
staff	hero		staff.hero.title	title	MEET THE TEAM	TEMUI PASUKAN	heading	TRUE	static	translated	13	13	1.00	Team	FALSE	FALSE		FALSE	
staff	hero		staff.hero.subtitle	subtitle	Our team comprises of Clinical Linguists, Occupational Therapists, Speech Therapists, Clinical Psychologists, and Special Education Teacher. All employees in our company are professionally licensed.	Pasukan kami terdiri daripada Pakar Linguistik Klinikal, Ahli Terapi Carakerja, Ahli Terapi Pertuturan, Ahli Psikologi Klinikal, dan Guru Pendidikan Khas. Semua kakitangan syarikat kami mempunyai lesen profesional.	body	TRUE	static	translated	198	214	1.08	Special Education;Team	FALSE	FALSE		FALSE	
staff	members	0 · dr-norizan-rajak	staff.members[0].id	id	dr-norizan-rajak	dr-norizan-rajak	non-copy	FALSE	js	identical	16	16	1.00		FALSE	FALSE		TRUE	assets/img/staff-pdf/dr-norizan-rajak.jpg
staff	members	0 · dr-norizan-rajak	staff.members[0].name	name	Dr Norizan Binti Rajak, Ph.D	Dr Norizan Binti Rajak, Ph.D	microcopy	TRUE	js	identical	28	28	1.00		FALSE	FALSE		TRUE	assets/img/staff-pdf/dr-norizan-rajak.jpg
staff	members	0 · dr-norizan-rajak	staff.members[0].role	role	Director & Clinical Linguist	Pengarah & Pakar Linguistik Klinikal	microcopy	TRUE	js	translated	28	36	1.29		FALSE	FALSE		TRUE	assets/img/staff-pdf/dr-norizan-rajak.jpg
staff	members	0	staff.members[0].credentials[0]	credentials	Ph.D, Syracuse University, New York	Ph.D, Syracuse University, New York	list-item	TRUE	js	identical	35	35	1.00		FALSE	FALSE		FALSE	
staff	members	0 · dr-norizan-rajak	staff.members[0].greeting	greeting	Hi, I'm Norizan	Hai, saya Norizan	microcopy	TRUE	js	translated	15	17	1.13		FALSE	FALSE		TRUE	assets/img/staff-pdf/dr-norizan-rajak.jpg
staff	members	0 · dr-norizan-rajak	staff.members[0].personalLine	personalLine	⟪PLACEHOLDER⟫ Lorem ipsum dolor sit amet.	⟪PLACEHOLDER⟫ Lorem ipsum dolor sit amet.	microcopy	TRUE	js	identical	41	41	1.00		FALSE	TRUE		TRUE	assets/img/staff-pdf/dr-norizan-rajak.jpg
staff	members	0 · dr-norizan-rajak	staff.members[0].bio	bio	Clinical linguist previously based at University of Hawaii and former Linguistics lecturer at USM. Founded the first private multidisciplinary intervention center in 2005. Over 20 years of experience in language disorders and learning assessments for children with learning difficulties. Pioneered the Early Intervention Screening Program under the State of Selangor.	Pakar linguistik klinikal yang sebelum ini berkhidmat di University of Hawaii dan bekas pensyarah Linguistik di USM. Mengasaskan pusat intervensi pelbagai disiplin swasta yang pertama pada tahun 2005. Lebih 20 tahun pengalaman dalam gangguan bahasa dan penilaian pembelajaran untuk kanak-kanak yang menghadapi kesukaran pembelajaran. Merintis Program Saringan Intervensi Awal di bawah Negeri Selangor.	body	TRUE	js	translated	367	401	1.09	Early Intervention;Center;Child;Children	FALSE	FALSE		TRUE	assets/img/staff-pdf/dr-norizan-rajak.jpg
staff	members	0 · dr-norizan-rajak	staff.members[0].photo	photo	assets/img/staff-pdf/dr-norizan-rajak.jpg	assets/img/staff-pdf/dr-norizan-rajak.jpg	non-copy	FALSE	js	identical	41	41	1.00	Staff	FALSE	FALSE		TRUE	assets/img/staff-pdf/dr-norizan-rajak.jpg
staff	members	1 · nasirah-zulkifli	staff.members[1].id	id	nasirah-zulkifli	nasirah-zulkifli	non-copy	FALSE	js	identical	16	16	1.00		FALSE	FALSE		TRUE	assets/img/staff-pdf/nasirah-zulkifli.jpg
staff	members	1 · nasirah-zulkifli	staff.members[1].name	name	Nasirah Binti Zulkifli, OTR/L	Nasirah Binti Zulkifli, OTR/L	microcopy	TRUE	js	identical	29	29	1.00		FALSE	FALSE		TRUE	assets/img/staff-pdf/nasirah-zulkifli.jpg
staff	members	1 · nasirah-zulkifli	staff.members[1].role	role	Co-Director and Occupational Therapist	Pengarah Bersama dan Ahli Terapi Carakerja	microcopy	TRUE	js	translated	38	42	1.11		FALSE	FALSE		TRUE	assets/img/staff-pdf/nasirah-zulkifli.jpg
staff	members	1	staff.members[1].credentials[0]	credentials	OTR/L	OTR/L	list-item	TRUE	js	identical	5	5	1.00		FALSE	FALSE		FALSE	
staff	members	1	staff.members[1].credentials[1]	credentials	Bachelor's Degree in Occupational Therapy	Bachelor's Degree in Occupational Therapy	list-item	TRUE	js	identical	41	41	1.00	Occupational Therapy	FALSE	FALSE		FALSE	
staff	members	1	staff.members[1].credentials[2]	credentials	Certified in the Integration Primitive Reflexes	Certified in the Integration Primitive Reflexes	list-item	TRUE	js	identical	47	47	1.00		FALSE	FALSE		FALSE	
staff	members	1	staff.members[1].credentials[3]	credentials	Licensed Occupational Therapist and active member of Malaysian Occupational Therapy Association (MOTA)	Licensed Occupational Therapist and active member of Malaysian Occupational Therapy Association (MOTA)	list-item	TRUE	js	identical	102	102	1.00	Occupational Therapy	FALSE	FALSE		FALSE	
staff	members	1	staff.members[1].credentials[4]	credentials	MAHPC(OT)02144	MAHPC(OT)02144	list-item	TRUE	js	identical	14	14	1.00		FALSE	FALSE		FALSE	
staff	members	1 · nasirah-zulkifli	staff.members[1].greeting	greeting	Hi, I'm Nasirah	Hai, saya Nasirah	microcopy	TRUE	js	translated	15	17	1.13		FALSE	FALSE		TRUE	assets/img/staff-pdf/nasirah-zulkifli.jpg
staff	members	1 · nasirah-zulkifli	staff.members[1].personalLine	personalLine	⟪PLACEHOLDER⟫ Lorem ipsum dolor sit amet.	⟪PLACEHOLDER⟫ Lorem ipsum dolor sit amet.	microcopy	TRUE	js	identical	41	41	1.00		FALSE	TRUE		TRUE	assets/img/staff-pdf/nasirah-zulkifli.jpg
staff	members	1 · nasirah-zulkifli	staff.members[1].bio	bio	Former NGO volunteer with clinical training at Klinik Pakar UiTM, Pusat Terapi Carakerja UiTM Puncak Alam, and Hospital Selayang. Experienced with GDD, Autism, ADHD, and other syndromes.	Bekas sukarelawan NGO dengan latihan klinikal di Klinik Pakar UiTM, Pusat Terapi Carakerja UiTM Puncak Alam, dan Hospital Selayang. Berpengalaman dengan GDD, Autisme, ADHD, dan sindrom lain.	body	TRUE	js	translated	186	190	1.02		FALSE	FALSE		TRUE	assets/img/staff-pdf/nasirah-zulkifli.jpg
staff	members	1 · nasirah-zulkifli	staff.members[1].photo	photo	assets/img/staff-pdf/nasirah-zulkifli.jpg	assets/img/staff-pdf/nasirah-zulkifli.jpg	non-copy	FALSE	js	identical	41	41	1.00	Staff	FALSE	FALSE		TRUE	assets/img/staff-pdf/nasirah-zulkifli.jpg
staff	members	2 · ms-robin-koh-hui-xuan	staff.members[2].id	id	ms-robin-koh-hui-xuan	ms-robin-koh-hui-xuan	non-copy	FALSE	js	identical	21	21	1.00		FALSE	FALSE		TRUE	assets/img/staff/ms-robin-koh-hui-xuan.jpeg
staff	members	2 · ms-robin-koh-hui-xuan	staff.members[2].name	name	Ms. Koh Hui Xuan (Robin)	Ms. Koh Hui Xuan (Robin)	microcopy	TRUE	js	identical	24	24	1.00		FALSE	FALSE		TRUE	assets/img/staff/ms-robin-koh-hui-xuan.jpeg
staff	members	2 · ms-robin-koh-hui-xuan	staff.members[2].role	role	Clinical Psychologist	Ahli Psikologi Klinikal	microcopy	TRUE	js	translated	21	23	1.10		FALSE	FALSE		TRUE	assets/img/staff/ms-robin-koh-hui-xuan.jpeg
staff	members	2	staff.members[2].credentials[0]	credentials	Master of Clinical Psychology, UCSI University	Master of Clinical Psychology, UCSI University	list-item	TRUE	js	identical	46	46	1.00	Clinical Psychology	FALSE	FALSE		FALSE	
staff	members	2	staff.members[2].credentials[1]	credentials	Registered Clinical Psychologist, Malaysian Allied Health Professions Council (MAHPC: CP00517)	Registered Clinical Psychologist, Malaysian Allied Health Professions Council (MAHPC: CP00517)	list-item	TRUE	js	identical	94	94	1.00		FALSE	FALSE		FALSE	
staff	members	2	staff.members[2].credentials[2]	credentials	Member, Malaysian Society of Clinical Psychology (MSCP: CP1-00619)	Member, Malaysian Society of Clinical Psychology (MSCP: CP1-00619)	list-item	TRUE	js	identical	66	66	1.00	Clinical Psychology	FALSE	FALSE		FALSE	
staff	members	2	staff.members[2].credentials[3]	credentials	Trained in PEERS® for Preschoolers	Trained in PEERS® for Preschoolers	list-item	TRUE	js	identical	34	34	1.00	Preschool	FALSE	FALSE		FALSE	
staff	members	2 · ms-robin-koh-hui-xuan	staff.members[2].greeting	greeting	Hi, I'm Robin	Hai, saya Robin	microcopy	TRUE	js	translated	13	15	1.15		FALSE	FALSE		TRUE	assets/img/staff/ms-robin-koh-hui-xuan.jpeg
staff	members	2 · ms-robin-koh-hui-xuan	staff.members[2].personalLine	personalLine	I help people give a voice to their struggles, and build a life that feels like their own.	Saya membantu setiap orang memberi suara kepada kesukaran yang mereka hadapi, dan membina kehidupan yang benar-benar milik mereka sendiri.	microcopy	TRUE	js	translated	90	138	1.53		FALSE	FALSE		TRUE	assets/img/staff/ms-robin-koh-hui-xuan.jpeg
staff	members	2 · ms-robin-koh-hui-xuan	staff.members[2].bio	bio	Robin works with children, adolescents and adults across psychological assessment, diagnosis and intervention — anxiety, depression, stress, adjustment difficulties, and neurodivergence including Autism Spectrum Disorder (ASD) and Attention-Deficit/Hyperactivity Disorder (ADHD). She practises Cognitive Behavioural Therapy (CBT) and Acceptance and Commitment Therapy (ACT) with integrated art therapy, supporting clients to build psychological flexibility and live a meaningful life. A strong advocate for mental health literacy and early intervention, she has delivered mental health talks and psychoeducation sessions in public schools for students, educators and families.	Robin bekerja dengan kanak-kanak, remaja dan orang dewasa dalam penilaian, diagnosis dan intervensi psikologi — kebimbangan, kemurungan, tekanan, kesukaran penyesuaian, serta neurodivergensi termasuk Autism Spectrum Disorder (ASD) dan Attention-Deficit/Hyperactivity Disorder (ADHD). Beliau mengamalkan Cognitive Behavioural Therapy (CBT) dan Acceptance and Commitment Therapy (ACT) bersama terapi seni bersepadu, membantu klien membina fleksibiliti psikologi dan menjalani kehidupan yang bermakna. Seorang penyokong kuat literasi kesihatan mental dan intervensi awal, beliau telah menyampaikan ceramah kesihatan mental dan sesi psikopendidikan di sekolah awam untuk pelajar, pendidik dan keluarga.	body	TRUE	js	translated	676	698	1.03	Early Intervention;Session;Child;Children;Families;Adult	FALSE	FALSE		TRUE	assets/img/staff/ms-robin-koh-hui-xuan.jpeg
staff	members	2 · ms-robin-koh-hui-xuan	staff.members[2].photo	photo	assets/img/staff/ms-robin-koh-hui-xuan.jpeg	assets/img/staff/ms-robin-koh-hui-xuan.jpeg	non-copy	FALSE	js	identical	43	43	1.00	Staff	FALSE	FALSE		TRUE	assets/img/staff/ms-robin-koh-hui-xuan.jpeg
staff	members	3 · mrs-norizzati-afiqah	staff.members[3].id	id	mrs-norizzati-afiqah	mrs-norizzati-afiqah	non-copy	FALSE	js	identical	20	20	1.00		FALSE	FALSE		TRUE	assets/img/staff-pdf/mrs-norizzati-afiqah.jpg
staff	members	3 · mrs-norizzati-afiqah	staff.members[3].name	name	Mrs Norizzati Afiqah, OTR/L	Mrs Norizzati Afiqah, OTR/L	microcopy	TRUE	js	identical	27	27	1.00		FALSE	FALSE		TRUE	assets/img/staff-pdf/mrs-norizzati-afiqah.jpg
staff	members	3 · mrs-norizzati-afiqah	staff.members[3].role	role	Head of Occupational Therapy Department	Ketua Jabatan Terapi Carakerja	microcopy	TRUE	js	translated	39	30	0.77	Occupational Therapy	FALSE	FALSE		TRUE	assets/img/staff-pdf/mrs-norizzati-afiqah.jpg
staff	members	3	staff.members[3].credentials[0]	credentials	OTR/L	OTR/L	list-item	TRUE	js	identical	5	5	1.00		FALSE	FALSE		FALSE	
staff	members	3	staff.members[3].credentials[1]	credentials	Bachelor's degree in Occupational Therapy from UiTM	Bachelor's degree in Occupational Therapy from UiTM	list-item	TRUE	js	identical	51	51	1.00	Occupational Therapy	FALSE	FALSE		FALSE	
staff	members	3	staff.members[3].credentials[2]	credentials	Member of the Malaysian Occupational Therapy Association (MOTA)	Member of the Malaysian Occupational Therapy Association (MOTA)	list-item	TRUE	js	identical	63	63	1.00	Occupational Therapy	FALSE	FALSE		FALSE	
staff	members	3 · mrs-norizzati-afiqah	staff.members[3].greeting	greeting	Hi, I'm Norizzati	Hai, saya Norizzati	microcopy	TRUE	js	translated	17	19	1.12		FALSE	FALSE		TRUE	assets/img/staff-pdf/mrs-norizzati-afiqah.jpg
staff	members	3 · mrs-norizzati-afiqah	staff.members[3].personalLine	personalLine	⟪PLACEHOLDER⟫ Lorem ipsum dolor sit amet.	⟪PLACEHOLDER⟫ Lorem ipsum dolor sit amet.	microcopy	TRUE	js	identical	41	41	1.00		FALSE	TRUE		TRUE	assets/img/staff-pdf/mrs-norizzati-afiqah.jpg
staff	members	3 · mrs-norizzati-afiqah	staff.members[3].bio	bio	Over 10 years of experience working with children. Conducts assessments and occupational interventions for developmental delays, with experience in special education and Selangor screening programs.	Lebih 10 tahun pengalaman bekerja dengan kanak-kanak. Menjalankan penilaian dan intervensi carakerja untuk kelewatan perkembangan, dengan pengalaman dalam pendidikan khas dan program saringan Selangor.	body	TRUE	js	translated	198	201	1.02	Special Education;Child;Children	FALSE	FALSE		TRUE	assets/img/staff-pdf/mrs-norizzati-afiqah.jpg
staff	members	3 · mrs-norizzati-afiqah	staff.members[3].photo	photo	assets/img/staff-pdf/mrs-norizzati-afiqah.jpg	assets/img/staff-pdf/mrs-norizzati-afiqah.jpg	non-copy	FALSE	js	identical	45	45	1.00	Staff	FALSE	FALSE		TRUE	assets/img/staff-pdf/mrs-norizzati-afiqah.jpg
staff	members	4 · ms-tengku-sarah-nabilah	staff.members[4].id	id	ms-tengku-sarah-nabilah	ms-tengku-sarah-nabilah	non-copy	FALSE	js	identical	23	23	1.00		FALSE	FALSE		TRUE	assets/img/staff-pdf/ms-tengku-sarah-nabilah.jpg
staff	members	4 · ms-tengku-sarah-nabilah	staff.members[4].name	name	Ms Tengku Sarah Nabilah, OTR/L	Ms Tengku Sarah Nabilah, OTR/L	microcopy	TRUE	js	identical	30	30	1.00		FALSE	FALSE		TRUE	assets/img/staff-pdf/ms-tengku-sarah-nabilah.jpg
staff	members	4 · ms-tengku-sarah-nabilah	staff.members[4].role	role	Occupational Therapist	Ahli Terapi Carakerja	microcopy	TRUE	js	translated	22	21	0.95		FALSE	FALSE		TRUE	assets/img/staff-pdf/ms-tengku-sarah-nabilah.jpg
staff	members	4	staff.members[4].credentials[0]	credentials	Bachelor in Occupational Therapy, Universiti Teknologi MARA (UiTM)	Bachelor in Occupational Therapy, Universiti Teknologi MARA (UiTM)	list-item	TRUE	js	identical	66	66	1.00	Occupational Therapy	FALSE	FALSE		FALSE	
staff	members	4 · ms-tengku-sarah-nabilah	staff.members[4].greeting	greeting	Hi, I'm Sarah	Hai, saya Sarah	microcopy	TRUE	js	translated	13	15	1.15		FALSE	FALSE		TRUE	assets/img/staff-pdf/ms-tengku-sarah-nabilah.jpg
staff	members	4 · ms-tengku-sarah-nabilah	staff.members[4].personalLine	personalLine	⟪PLACEHOLDER⟫ Lorem ipsum dolor sit amet.	⟪PLACEHOLDER⟫ Lorem ipsum dolor sit amet.	microcopy	TRUE	js	identical	41	41	1.00		FALSE	TRUE		TRUE	assets/img/staff-pdf/ms-tengku-sarah-nabilah.jpg
staff	members	4 · ms-tengku-sarah-nabilah	staff.members[4].bio	bio	⟪PLACEHOLDER⟫ Lorem ipsum dolor sit amet, consectetur adipiscing elit, sed do eiusmod tempor incididunt ut labore et dolore magna aliqua.	⟪PLACEHOLDER⟫ Lorem ipsum dolor sit amet, consectetur adipiscing elit, sed do eiusmod tempor incididunt ut labore et dolore magna aliqua.	body	TRUE	js	identical	137	137	1.00		FALSE	TRUE		TRUE	assets/img/staff-pdf/ms-tengku-sarah-nabilah.jpg
staff	members	4 · ms-tengku-sarah-nabilah	staff.members[4].photo	photo	assets/img/staff-pdf/ms-tengku-sarah-nabilah.jpg	assets/img/staff-pdf/ms-tengku-sarah-nabilah.jpg	non-copy	FALSE	js	identical	48	48	1.00	Staff	FALSE	FALSE		TRUE	assets/img/staff-pdf/ms-tengku-sarah-nabilah.jpg
staff	members	5 · ms-emalin-nasuha-hachim	staff.members[5].id	id	ms-emalin-nasuha-hachim	ms-emalin-nasuha-hachim	non-copy	FALSE	js	identical	23	23	1.00		FALSE	FALSE		TRUE	assets/img/staff-pdf/ms-emalin-nasuha-hachim.jpg
staff	members	5 · ms-emalin-nasuha-hachim	staff.members[5].name	name	Ms Emalin Nasuha Hachim	Ms Emalin Nasuha Hachim	microcopy	TRUE	js	identical	23	23	1.00		FALSE	FALSE		TRUE	assets/img/staff-pdf/ms-emalin-nasuha-hachim.jpg
staff	members	5 · ms-emalin-nasuha-hachim	staff.members[5].role	role	Speech Therapist	Ahli Terapi Pertuturan	microcopy	TRUE	js	translated	16	22	1.38		FALSE	FALSE		TRUE	assets/img/staff-pdf/ms-emalin-nasuha-hachim.jpg
staff	members	5	staff.members[5].credentials[0]	credentials	Bachelor in Speech Language Pathology, Universiti Sains Malaysia	Bachelor in Speech Language Pathology, Universiti Sains Malaysia	list-item	TRUE	js	identical	64	64	1.00		FALSE	FALSE		FALSE	
staff	members	5 · ms-emalin-nasuha-hachim	staff.members[5].greeting	greeting	Hi, I'm Emalin	Hai, saya Emalin	microcopy	TRUE	js	translated	14	16	1.14		FALSE	FALSE		TRUE	assets/img/staff-pdf/ms-emalin-nasuha-hachim.jpg
staff	members	5 · ms-emalin-nasuha-hachim	staff.members[5].personalLine	personalLine	⟪PLACEHOLDER⟫ Lorem ipsum dolor sit amet.	⟪PLACEHOLDER⟫ Lorem ipsum dolor sit amet.	microcopy	TRUE	js	identical	41	41	1.00		FALSE	TRUE		TRUE	assets/img/staff-pdf/ms-emalin-nasuha-hachim.jpg
staff	members	5 · ms-emalin-nasuha-hachim	staff.members[5].bio	bio	⟪PLACEHOLDER⟫ Lorem ipsum dolor sit amet, consectetur adipiscing elit, sed do eiusmod tempor incididunt ut labore et dolore magna aliqua.	⟪PLACEHOLDER⟫ Lorem ipsum dolor sit amet, consectetur adipiscing elit, sed do eiusmod tempor incididunt ut labore et dolore magna aliqua.	body	TRUE	js	identical	137	137	1.00		FALSE	TRUE		TRUE	assets/img/staff-pdf/ms-emalin-nasuha-hachim.jpg
staff	members	5 · ms-emalin-nasuha-hachim	staff.members[5].photo	photo	assets/img/staff-pdf/ms-emalin-nasuha-hachim.jpg	assets/img/staff-pdf/ms-emalin-nasuha-hachim.jpg	non-copy	FALSE	js	identical	48	48	1.00	Staff	FALSE	FALSE		TRUE	assets/img/staff-pdf/ms-emalin-nasuha-hachim.jpg
staff	members	6 · ms-syahira-hassan	staff.members[6].id	id	ms-syahira-hassan	ms-syahira-hassan	non-copy	FALSE	js	identical	17	17	1.00		FALSE	FALSE		TRUE	assets/img/staff-pdf/ms-syahira-hassan.jpg
staff	members	6 · ms-syahira-hassan	staff.members[6].name	name	Ms Syahira Hassan, OTR/L	Ms Syahira Hassan, OTR/L	microcopy	TRUE	js	identical	24	24	1.00		FALSE	FALSE		TRUE	assets/img/staff-pdf/ms-syahira-hassan.jpg
staff	members	6 · ms-syahira-hassan	staff.members[6].role	role	Occupational Therapist	Ahli Terapi Carakerja	microcopy	TRUE	js	translated	22	21	0.95		FALSE	FALSE		TRUE	assets/img/staff-pdf/ms-syahira-hassan.jpg
staff	members	6	staff.members[6].credentials[0]	credentials	Diploma in Occupational Therapy, Universiti Teknologi MARA (UiTM)	Diploma in Occupational Therapy, Universiti Teknologi MARA (UiTM)	list-item	TRUE	js	identical	65	65	1.00	Occupational Therapy	FALSE	FALSE		FALSE	
staff	members	6 · ms-syahira-hassan	staff.members[6].greeting	greeting	Hi, I'm Syahira	Hai, saya Syahira	microcopy	TRUE	js	translated	15	17	1.13		FALSE	FALSE		TRUE	assets/img/staff-pdf/ms-syahira-hassan.jpg
staff	members	6 · ms-syahira-hassan	staff.members[6].personalLine	personalLine	⟪PLACEHOLDER⟫ Lorem ipsum dolor sit amet.	⟪PLACEHOLDER⟫ Lorem ipsum dolor sit amet.	microcopy	TRUE	js	identical	41	41	1.00		FALSE	TRUE		TRUE	assets/img/staff-pdf/ms-syahira-hassan.jpg
staff	members	6 · ms-syahira-hassan	staff.members[6].bio	bio	⟪PLACEHOLDER⟫ Lorem ipsum dolor sit amet, consectetur adipiscing elit, sed do eiusmod tempor incididunt ut labore et dolore magna aliqua.	⟪PLACEHOLDER⟫ Lorem ipsum dolor sit amet, consectetur adipiscing elit, sed do eiusmod tempor incididunt ut labore et dolore magna aliqua.	body	TRUE	js	identical	137	137	1.00		FALSE	TRUE		TRUE	assets/img/staff-pdf/ms-syahira-hassan.jpg
staff	members	6 · ms-syahira-hassan	staff.members[6].photo	photo	assets/img/staff-pdf/ms-syahira-hassan.jpg	assets/img/staff-pdf/ms-syahira-hassan.jpg	non-copy	FALSE	js	identical	42	42	1.00	Staff	FALSE	FALSE		TRUE	assets/img/staff-pdf/ms-syahira-hassan.jpg
staff	members	7 · ms-farwizah	staff.members[7].id	id	ms-farwizah	ms-farwizah	non-copy	FALSE	js	identical	11	11	1.00		FALSE	FALSE		TRUE	assets/img/staff/ms-farwizah.jpeg
staff	members	7 · ms-farwizah	staff.members[7].name	name	Ms. Farwizah	Ms. Farwizah	microcopy	TRUE	js	identical	12	12	1.00		FALSE	FALSE		TRUE	assets/img/staff/ms-farwizah.jpeg
staff	members	7 · ms-farwizah	staff.members[7].role	role	Special Education Teacher	Guru Pendidikan Khas	microcopy	TRUE	js	translated	25	20	0.80	Special Education	FALSE	FALSE		TRUE	assets/img/staff/ms-farwizah.jpeg
staff	members	7	staff.members[7].credentials[0]	credentials	Bachelor of Psychology (Hons), Universiti Pendidikan Sultan Idris (UPSI)	Bachelor of Psychology (Hons), Universiti Pendidikan Sultan Idris (UPSI)	list-item	TRUE	js	identical	72	72	1.00		FALSE	FALSE		FALSE	
staff	members	7	staff.members[7].credentials[1]	credentials	Diploma Pascasiswazah Pendidikan (DPP), Universiti Kebangsaan Malaysia (UKM)	Diploma Pascasiswazah Pendidikan (DPP), Universiti Kebangsaan Malaysia (UKM)	list-item	TRUE	js	identical	76	76	1.00		FALSE	FALSE		FALSE	
staff	members	7	staff.members[7].credentials[2]	credentials	Permit Mengajar JPNS.SPS-2026/PTGPP/14/0805	Permit Mengajar JPNS.SPS-2026/PTGPP/14/0805	list-item	TRUE	js	identical	43	43	1.00		FALSE	FALSE		FALSE	
staff	members	7 · ms-farwizah	staff.members[7].greeting	greeting	Hi, I'm Farwizah	Hai, saya Farwizah	microcopy	TRUE	js	translated	16	18	1.12		FALSE	FALSE		TRUE	assets/img/staff/ms-farwizah.jpeg
staff	members	7 · ms-farwizah	staff.members[7].personalLine	personalLine	I want every child to grow into as much of themselves as they can — and to do it independently.	Saya mahu setiap kanak-kanak membesar menjadi diri mereka sepenuh mungkin — dan melakukannya secara berdikari.	microcopy	TRUE	js	translated	95	110	1.16	Child	FALSE	FALSE		TRUE	assets/img/staff/ms-farwizah.jpeg
staff	members	7 · ms-farwizah	staff.members[7].bio	bio	A special needs education teacher with a background in psychology and education, working to help children grow to the most of their potential and become independent. Also active in volunteerism — supporting those in need and contributing to children's development.	Guru pendidikan khas dengan latar belakang dalam psikologi dan pendidikan, berusaha membantu kanak-kanak berkembang ke tahap potensi terbaik mereka dan menjadi berdikari. Turut aktif dalam kerja sukarela — menyokong mereka yang memerlukan dan menyumbang kepada perkembangan kanak-kanak.	body	TRUE	js	translated	264	286	1.08	Child;Children	FALSE	FALSE		TRUE	assets/img/staff/ms-farwizah.jpeg
staff	members	7 · ms-farwizah	staff.members[7].photo	photo	assets/img/staff/ms-farwizah.jpeg	assets/img/staff/ms-farwizah.jpeg	non-copy	FALSE	js	identical	33	33	1.00	Staff	FALSE	FALSE		TRUE	assets/img/staff/ms-farwizah.jpeg
staff	members	8 · mrs-nur-ain-nabila	staff.members[8].id	id	mrs-nur-ain-nabila	mrs-nur-ain-nabila	non-copy	FALSE	js	identical	18	18	1.00		FALSE	FALSE		FALSE	
staff	members	8 · mrs-nur-ain-nabila	staff.members[8].name	name	Mrs Nur Ain Nabila	Mrs Nur Ain Nabila	microcopy	TRUE	js	identical	18	18	1.00		FALSE	FALSE		FALSE	
staff	members	8 · mrs-nur-ain-nabila	staff.members[8].role	role	Administrator	Pentadbir	microcopy	TRUE	js	translated	13	9	0.69		FALSE	FALSE		FALSE	
staff	members	8	staff.members[8].credentials[0]	credentials	Bachelor of Business Administration and Finance, Universiti Teknologi MARA (UiTM)	Bachelor of Business Administration and Finance, Universiti Teknologi MARA (UiTM)	list-item	TRUE	js	identical	81	81	1.00		FALSE	FALSE		FALSE	
staff	members	8 · mrs-nur-ain-nabila	staff.members[8].greeting	greeting	Hi, I'm Nur Ain	Hai, saya Nur Ain	microcopy	TRUE	js	translated	15	17	1.13		FALSE	FALSE		FALSE	
staff	members	8 · mrs-nur-ain-nabila	staff.members[8].personalLine	personalLine	⟪PLACEHOLDER⟫ Lorem ipsum dolor sit amet.	⟪PLACEHOLDER⟫ Lorem ipsum dolor sit amet.	microcopy	TRUE	js	identical	41	41	1.00		FALSE	TRUE		FALSE	
staff	members	8 · mrs-nur-ain-nabila	staff.members[8].bio	bio	⟪PLACEHOLDER⟫ Lorem ipsum dolor sit amet, consectetur adipiscing elit, sed do eiusmod tempor incididunt ut labore et dolore magna aliqua.	⟪PLACEHOLDER⟫ Lorem ipsum dolor sit amet, consectetur adipiscing elit, sed do eiusmod tempor incididunt ut labore et dolore magna aliqua.	body	TRUE	js	identical	137	137	1.00		FALSE	TRUE		FALSE	
services	media		common.media.captions.servicesHero	servicesHero	Building sentences, one card at a time.	Membina ayat, satu kad pada satu masa.	microcopy	TRUE	static	translated	39	38	0.97		TRUE	FALSE		TRUE	assets/img/anchors/services-hero.jpg
services	media		common.media.alts.servicesHero	servicesHero	A child's hands arranging word cards on a table during a language session	Tangan seorang kanak-kanak menyusun kad perkataan di atas meja semasa sesi bahasa	alt-text	TRUE	static	translated	73	81	1.11	Session;Child	TRUE	FALSE		TRUE	assets/img/anchors/services-hero.jpg
services	hero		services.hero.title	title	OUR SERVICES	PERKHIDMATAN KAMI	heading	TRUE	static	translated	12	17	1.42		FALSE	FALSE		TRUE	assets/img/anchors/services-hero.jpg
services	hero		services.hero.subtitle	subtitle	Urbane Ethos Early Intervention Center offers language enhancement and social and cognitive stimulation intervention for typically developing children and children with special needs, school age children, and adults. We offer client centered rehabilitation and therapy for motor development, sensory integration, speech-language therapy as well as social and cognitive stimulation for neurodivergent individuals ranging from toddlers, children, adults and elderly.	Pusat Intervensi Awal Urbane Ethos menawarkan intervensi peningkatan bahasa serta stimulasi sosial dan kognitif untuk kanak-kanak yang berkembang secara tipikal dan kanak-kanak berkeperluan khas, kanak-kanak usia sekolah, dan orang dewasa. Kami menawarkan pemulihan dan terapi berpusatkan klien untuk perkembangan motor, integrasi sensori, terapi bahasa-pertuturan serta stimulasi sosial dan kognitif untuk individu neurodivergen yang merangkumi bayi, kanak-kanak, orang dewasa dan warga emas.	body	TRUE	static	translated	464	493	1.06	Early Intervention;Urbane Ethos Early Intervention Center;Center;Child;Children;School age;Adult	FALSE	FALSE		TRUE	assets/img/anchors/services-hero.jpg
services	items	0 · screening	services.items[0].key	key	screening	screening	non-copy	FALSE	js	identical	9	9	1.00		FALSE	FALSE		FALSE	
services	items	0 · screening	services.items[0].title	title	Screening	Saringan	heading	TRUE	js	translated	9	8	0.89		FALSE	FALSE		FALSE	
services	items	0 · screening	services.items[0].icon	icon	screening	screening	non-copy	FALSE	js	identical	9	9	1.00		FALSE	FALSE		FALSE	
services	items	0 · screening	services.items[0].whatItIs	whatItIs	Screening for individuals or for childcare providers/learning centers — a broad picture of your child's development and early identification of potential issues. We offer two screening services: 1. Occupational Therapy: fine motor, school readiness. 2. Clinical Psychology: emotional, behavioural.	Saringan untuk individu atau untuk penyedia jagaan kanak-kanak/pusat pembelajaran — gambaran menyeluruh tentang perkembangan anak anda dan pengenalpastian awal isu berpotensi. Kami menawarkan dua perkhidmatan saringan: 1. Terapi Carakerja: motor halus, kesediaan sekolah. 2. Psikologi Klinikal: emosi, tingkah laku.	body	TRUE	js	translated	297	315	1.06	Occupational Therapy;Clinical Psychology;Center;Child	FALSE	FALSE		FALSE	
services	items	0 · screening	services.items[0].whoItsFor	whoItsFor	Would you like to know whether your child's development is as expected? If you have a LITTLE concern, a screening gives a broad picture of development, early identification of potential issues, and determines if further evaluation or intervention is needed. If you have A LOT of concerns, go straight to a Full Assessment.	Ingin tahu sama ada perkembangan anak anda seperti yang dijangkakan? Jika anda mempunyai SEDIKIT kebimbangan, saringan memberikan gambaran menyeluruh tentang perkembangan, pengenalpastian awal isu berpotensi, dan menentukan sama ada penilaian atau intervensi lanjut diperlukan. Jika anda mempunyai BANYAK kebimbangan, terus dapatkan Penilaian Penuh.	body	TRUE	js	translated	322	349	1.08	Child	FALSE	FALSE		FALSE	
services	items	0 · screening	services.items[0].whatToExpect	whatToExpect	A broad developmental check by our allied-health team. If the screening shows further evaluation is needed, we will recommend a Full Assessment.	Pemeriksaan perkembangan menyeluruh oleh pasukan kesihatan bersekutu kami. Jika saringan menunjukkan penilaian lanjut diperlukan, kami akan mengesyorkan Penilaian Penuh.	body	TRUE	js	translated	144	169	1.17	Team	FALSE	FALSE		FALSE	
services	items	0	services.items[0].faqs[0].q	q	Screening or full assessment — which one do we need?	Saringan atau penilaian penuh — yang mana kami perlukan?	faq-q	TRUE	js	translated	52	56	1.08		FALSE	FALSE		FALSE	
services	items	0	services.items[0].faqs[0].a	a	A little concern: start with a Screening — it gives a broad picture of development and early identification of potential issues, and determines if further evaluation or intervention is needed. A lot of concerns: book a Full Assessment — it gives a comprehensive understanding of strengths, challenges and specific developmental needs, personalised strategies, therapies and interventions, and helps identify conditions like Autism, ADHD, and learning disabilities.	Sedikit kebimbangan: mulakan dengan Saringan — ia memberikan gambaran menyeluruh tentang perkembangan dan pengenalpastian awal isu berpotensi, serta menentukan sama ada penilaian atau intervensi lanjut diperlukan. Banyak kebimbangan: tempah Penilaian Penuh — ia memberikan pemahaman menyeluruh tentang kekuatan, cabaran dan keperluan perkembangan khusus, strategi, terapi dan intervensi yang diperibadikan, serta membantu mengenal pasti keadaan seperti Autisme, ADHD, dan ketidakupayaan pembelajaran.	faq-a	TRUE	js	translated	464	500	1.08		FALSE	FALSE		FALSE	
services	items	1	services.items[0].faqs[1].q	q	How many concerns count as 'a lot'?	Berapa banyak kebimbangan dikira 'banyak'?	faq-q	TRUE	js	translated	35	42	1.20		FALSE	FALSE		FALSE	
services	items	1	services.items[0].faqs[1].a	a	As a guide from our concerns checklist: 1 or 2 concerns ticked — a screening is a good start. 3 or more ticks — book a full assessment.	Sebagai panduan daripada senarai semak kebimbangan kami: 1 atau 2 kebimbangan ditanda — saringan ialah permulaan yang baik. 3 atau lebih tanda — tempah penilaian penuh.	faq-a	TRUE	js	translated	135	168	1.24		FALSE	FALSE		FALSE	
services	items	0 · screening	services.items[0].cta	cta	Enquire about Screening	Tanyakan tentang Saringan	cta	TRUE	js	translated	23	25	1.09		FALSE	FALSE		FALSE	
services	items	1 · assessment	services.items[1].key	key	assessment	assessment	non-copy	FALSE	js	identical	10	10	1.00		FALSE	FALSE		FALSE	
services	items	1 · assessment	services.items[1].title	title	Assessment	Penilaian	heading	TRUE	js	translated	10	9	0.90		FALSE	FALSE		FALSE	
services	items	1 · assessment	services.items[1].icon	icon	screening	screening	non-copy	FALSE	js	identical	9	9	1.00		FALSE	FALSE		FALSE	
services	items	1 · assessment	services.items[1].whatItIs	whatItIs	At Urbane Ethos, we provide a holistic 3-in-1 assessment comprising of all three different areas of allied health: Occupational Therapy, Speech-Language and Communication as well as Clinical Psychology. A 4th component would also be included, if the child is already of learning age. Usually, the assessment could take around 1-2 hours depending on the needs of the child. A full MULTIDISCIPLINARY developmental assessment of child's language, fine & gross motor, sensory profile and if necessary learning, with a referral report to identified paediatrician, child psychologist and SLPs.	Di Urbane Ethos, kami menyediakan penilaian holistik 3-in-1 yang merangkumi ketiga-tiga bidang kesihatan bersekutu yang berbeza: Terapi Carakerja, Bahasa-Pertuturan dan Komunikasi serta Psikologi Klinikal. Komponen ke-4 turut disertakan jika anak sudah mencapai usia pembelajaran. Kebiasaannya, penilaian mengambil masa sekitar 1-2 jam bergantung pada keperluan anak. Penilaian perkembangan MULTIDISIPLIN penuh terhadap bahasa, motor halus & kasar, profil sensori dan jika perlu pembelajaran anak, dengan laporan rujukan kepada pakar pediatrik, ahli psikologi kanak-kanak dan SLP yang dikenal pasti.	body	TRUE	js	translated	587	599	1.02	Occupational Therapy;Clinical Psychology;Child;Necessary	FALSE	FALSE		FALSE	
services	items	1 · assessment	services.items[1].whoItsFor	whoItsFor	It is a 3-in-1 package for 0-20 years old and older, including OT, Clinical Psychology and Speech-Language Assessment — plus a Learning/School readiness assessment for those of school age and older.	Ia merupakan pakej 3-in-1 untuk usia 0-20 tahun dan lebih tua, termasuk OT, Psikologi Klinikal dan Penilaian Bahasa-Pertuturan — serta penilaian kesediaan Pembelajaran/Sekolah untuk mereka yang berusia sekolah dan lebih tua.	body	TRUE	js	translated	198	224	1.13	Clinical Psychology;School age	FALSE	FALSE		FALSE	
services	items	1 · assessment	services.items[1].whatToExpect	whatToExpect	Assessments run on weekdays, appointment based. Three allied health professionals are involved: 1) Occupational therapist: assess sensory integration, gross motor, and fine motor development and activities of daily living (ADL). 2) Speech/Language therapist: assess pre-verbal skills, receptive and expressive language; if the child is already ready for learning, academic performance is assessed as well. 3) Clinical psychologist: review and observe behaviour, play skills, and whether they are appropriate to age and development. Consultation charges are included in the assessment.	Penilaian dijalankan pada hari bekerja, berdasarkan temu janji. Tiga profesional kesihatan bersekutu terlibat: 1) Ahli terapi carakerja: menilai integrasi sensori, motor kasar, dan perkembangan motor halus serta aktiviti kehidupan harian (ADL). 2) Ahli terapi pertuturan/bahasa: menilai kemahiran pra-verbal, bahasa reseptif dan ekspresif; jika anak sudah bersedia untuk belajar, prestasi akademik turut dinilai. 3) Ahli psikologi klinikal: menyemak dan memerhati tingkah laku, kemahiran bermain, dan sama ada ia sesuai dengan usia dan perkembangan. Caj konsultasi disertakan dalam penilaian.	body	TRUE	js	translated	584	592	1.01	Child	FALSE	FALSE		FALSE	
services	items	0	services.items[1].faqs[0].q	q	How long does the assessment take?	Berapa lama penilaian mengambil masa?	faq-q	TRUE	js	translated	34	37	1.09		FALSE	FALSE		FALSE	
services	items	0	services.items[1].faqs[0].a	a	Usually around 1-2 hours depending on the needs of the child.	Kebiasaannya sekitar 1-2 jam bergantung pada keperluan anak.	faq-a	TRUE	js	translated	61	60	0.98	Child	FALSE	FALSE		FALSE	
services	items	1	services.items[1].faqs[1].q	q	What happens after the assessment?	Apa yang berlaku selepas penilaian?	faq-q	TRUE	js	translated	34	35	1.03		FALSE	FALSE		FALSE	
services	items	1	services.items[1].faqs[1].a	a	You can proceed to programmes: intensive sessions within 30 days, individual sessions booked per session, or the grouping programme (morning and afternoon sessions). Then book a session and attend.	Anda boleh meneruskan ke program: sesi intensif dalam tempoh 30 hari, sesi individu yang ditempah setiap sesi, atau program berkumpulan (sesi pagi dan petang). Kemudian tempah sesi dan hadir.	faq-a	TRUE	js	translated	197	191	0.97	Session;Book a session	FALSE	FALSE		FALSE	
services	items	1 · assessment	services.items[1].cta	cta	Enquire about Assessment	Tanyakan tentang Penilaian	cta	TRUE	js	translated	24	26	1.08		FALSE	FALSE		FALSE	
services	items	2 · ot	services.items[2].key	key	ot	ot	non-copy	FALSE	js	identical	2	2	1.00		FALSE	FALSE		FALSE	
services	items	2 · ot	services.items[2].title	title	Occupational Therapy (OT)	Terapi Carakerja (OT)	heading	TRUE	js	translated	25	21	0.84	Occupational Therapy	FALSE	FALSE		FALSE	
services	items	2 · ot	services.items[2].icon	icon	ot	ot	non-copy	FALSE	js	identical	2	2	1.00		FALSE	FALSE		FALSE	
services	items	2 · ot	services.items[2].whatItIs	whatItIs	Paediatric occupational therapy focuses on helping children develop the skills they need to grow into functional, independent adults. Physical impairment, injuries, and a host of other issues can hamper a child's ability to perform common tasks or progress normally through the stages of social or cognitive development.	Terapi carakerja pediatrik memberi tumpuan untuk membantu anak membina kemahiran yang diperlukan agar mereka membesar menjadi orang dewasa yang berfungsi dan berdikari. Ketidakupayaan fizikal, kecederaan, dan pelbagai isu lain boleh menghalang keupayaan anak melaksanakan tugas harian atau berkembang secara normal melalui peringkat perkembangan sosial atau kognitif.	body	TRUE	js	translated	320	367	1.15	Occupational Therapy;Child;Children;Adult	FALSE	FALSE		FALSE	
services	items	2 · ot	services.items[2].whoItsFor	whoItsFor	Children showing concerns in: Fine Motor (poor handwriting, difficulty using utensils or manipulating toys like building blocks); Gross Motor (trouble walking, running, climbing, or balancing); Self-Care (dressing, brushing teeth, eating independently, toileting); Sensory Processing (over-sensitive or avoids textures, sounds, lights, movement — or seeks excessive sensory input); Coordination and Strength (clumsy, trips or falls often, weak muscle tone).	Anak-anak yang menunjukkan kebimbangan dalam: Motor Halus (tulisan tangan lemah, sukar menggunakan perkakas atau memanipulasi mainan seperti blok binaan); Motor Kasar (sukar berjalan, berlari, memanjat, atau mengimbang); Jagaan Diri (memakai pakaian, memberus gigi, makan sendiri, ke tandas); Pemprosesan Sensori (terlalu sensitif atau mengelak tekstur, bunyi, cahaya, pergerakan — atau mencari input sensori berlebihan); Koordinasi dan Kekuatan (kekok, kerap tersandung atau jatuh, tonus otot lemah).	body	TRUE	js	translated	457	501	1.10	Child;Children	FALSE	FALSE		FALSE	
services	items	2 · ot	services.items[2].whatToExpect	whatToExpect	Individual or Group sessions. The first session is an assessment: we observe, play, and try a few activities together. From there, sessions run weekly and focus on fine motor skills, sensory regulation, or daily living — whichever your child needs.	Sesi individu atau Berkumpulan. Sesi pertama ialah penilaian: kami memerhati, bermain, dan mencuba beberapa aktiviti bersama. Selepas itu, sesi dijalankan mingguan dan memberi tumpuan pada kemahiran motor halus, regulasi sensori, atau kehidupan harian — mengikut keperluan anak anda.	body	TRUE	js	translated	248	283	1.14	Session;Child	FALSE	FALSE		FALSE	
services	items	0	services.items[2].faqs[0].q	q	⟪PLACEHOLDER⟫ Lorem ipsum dolor sit amet?	⟪PLACEHOLDER⟫ Lorem ipsum dolor sit amet?	faq-q	TRUE	js	identical	41	41	1.00		FALSE	TRUE		FALSE	
services	items	0	services.items[2].faqs[0].a	a	⟪PLACEHOLDER⟫ Lorem ipsum dolor sit amet, consectetur adipiscing elit, sed do eiusmod tempor incididunt ut labore et dolore magna aliqua.	⟪PLACEHOLDER⟫ Lorem ipsum dolor sit amet, consectetur adipiscing elit, sed do eiusmod tempor incididunt ut labore et dolore magna aliqua.	faq-a	TRUE	js	identical	137	137	1.00		FALSE	TRUE		FALSE	
services	items	2 · ot	services.items[2].cta	cta	Enquire about Occupational Therapy	Tanyakan tentang Terapi Carakerja	cta	TRUE	js	translated	34	33	0.97	Occupational Therapy	FALSE	FALSE		FALSE	
services	items	3 · speech	services.items[3].key	key	speech	speech	non-copy	FALSE	js	identical	6	6	1.00		FALSE	FALSE		FALSE	
services	items	3 · speech	services.items[3].title	title	Speech Language Therapy (SLP)	Terapi Bahasa Pertuturan (SLP)	heading	TRUE	js	translated	29	30	1.03		FALSE	FALSE		FALSE	
services	items	3 · speech	services.items[3].icon	icon	speech	speech	non-copy	FALSE	js	identical	6	6	1.00		FALSE	FALSE		FALSE	
services	items	3 · speech	services.items[3].whatItIs	whatItIs	Speech therapists handle speech issues such as stuttering or lisps, as well as helping other kinds of problems with spoken and written language such as dyslexia, dyspraxia, and auditory processing disorder. In fact, a speech therapist is more accurately called a speech-language pathologist (SLP). SLPs figure out what kind of language problem a student has. They determine what's causing it and decide on the best treatment. SLPs may help kids build skills by working with them one-on-one, in small groups, or in the classroom.	Ahli terapi pertuturan menangani isu pertuturan seperti gagap atau pelat, serta membantu masalah bahasa lisan dan bertulis seperti disleksia, dispraksia, dan gangguan pemprosesan auditori. Sebenarnya, ahli terapi pertuturan lebih tepat dipanggil pakar patologi bahasa-pertuturan (SLP). SLP mengenal pasti jenis masalah bahasa yang dialami seorang pelajar. Mereka menentukan puncanya dan memilih rawatan terbaik. SLP boleh membantu anak-anak membina kemahiran dengan bekerja secara satu-dengan-satu, dalam kumpulan kecil, atau di dalam bilik darjah.	body	TRUE	js	translated	528	548	1.04		FALSE	FALSE		FALSE	
services	items	3 · speech	services.items[3].whoItsFor	whoItsFor	Children showing concerns in: Speech Development (limited babbling by 12 months, no single words by 16 months, unclear speech beyond age 2); Understanding Language (difficulty following simple instructions); Expressing Needs (limited vocabulary, trouble forming sentences); Social Interaction (avoids eye contact, trouble engaging, no gestures like pointing or waving); Repetitive Language (echolalia; words without meaning).	Anak-anak yang menunjukkan kebimbangan dalam: Perkembangan Pertuturan (celoteh terhad menjelang 12 bulan, tiada perkataan tunggal menjelang 16 bulan, pertuturan tidak jelas selepas usia 2 tahun); Memahami Bahasa (sukar mengikut arahan mudah); Meluahkan Keperluan (perbendaharaan kata terhad, sukar membentuk ayat); Interaksi Sosial (mengelak hubungan mata, sukar melibatkan diri, tiada isyarat seperti menunjuk atau melambai); Bahasa Berulang (ekolalia; perkataan tanpa makna).	body	TRUE	js	translated	425	477	1.12	Child;Children	FALSE	FALSE		FALSE	
services	items	3 · speech	services.items[3].whatToExpect	whatToExpect	Individual or Group sessions. The first visit is a language assessment — we'll play, ask questions, and listen carefully. After that, sessions are weekly and target the specific area your child is working on, with home activities you can do in short bursts.	Sesi individu atau Berkumpulan. Lawatan pertama ialah penilaian bahasa — kami akan bermain, bertanya, dan mendengar dengan teliti. Selepas itu, sesi dijalankan mingguan dan mensasarkan bidang khusus yang sedang anak anda usahakan, dengan aktiviti rumah yang boleh dilakukan dalam tempoh singkat.	body	TRUE	js	translated	257	295	1.15	Session;Child	FALSE	FALSE		FALSE	
services	items	0	services.items[3].faqs[0].q	q	⟪PLACEHOLDER⟫ Lorem ipsum dolor sit amet?	⟪PLACEHOLDER⟫ Lorem ipsum dolor sit amet?	faq-q	TRUE	js	identical	41	41	1.00		FALSE	TRUE		FALSE	
services	items	0	services.items[3].faqs[0].a	a	⟪PLACEHOLDER⟫ Lorem ipsum dolor sit amet, consectetur adipiscing elit, sed do eiusmod tempor incididunt ut labore et dolore magna aliqua.	⟪PLACEHOLDER⟫ Lorem ipsum dolor sit amet, consectetur adipiscing elit, sed do eiusmod tempor incididunt ut labore et dolore magna aliqua.	faq-a	TRUE	js	identical	137	137	1.00		FALSE	TRUE		FALSE	
services	items	3 · speech	services.items[3].cta	cta	Enquire about Speech Therapy	Tanyakan tentang Terapi Pertuturan	cta	TRUE	js	translated	28	34	1.21	Speech Therapy	FALSE	FALSE		FALSE	
services	items	4 · specialed	services.items[4].key	key	specialed	specialed	non-copy	FALSE	js	identical	9	9	1.00		FALSE	FALSE		FALSE	
services	items	4 · specialed	services.items[4].title	title	Cognitive Therapy & Special Education	Terapi Kognitif & Pendidikan Khas	heading	TRUE	js	translated	37	33	0.89	Special Education	FALSE	FALSE		FALSE	
services	items	4 · specialed	services.items[4].icon	icon	specialed	specialed	non-copy	FALSE	js	identical	9	9	1.00		FALSE	FALSE		FALSE	
services	items	4 · specialed	services.items[4].whatItIs	whatItIs	Cognitive therapy and special education (SPED) delivered as part of our integrated, multidisciplinary set up — therapists from Occupational Therapy (OT), Speech, Language and Pathology (SLP) and Special Education (SPED) working harmoniously to provide programmes and services catered individually to your child's needs. All employees in our company are professionally licensed.	Terapi kognitif dan pendidikan khas (SPED) disampaikan sebagai sebahagian daripada susunan bersepadu dan multidisiplin kami — ahli terapi daripada Terapi Carakerja (OT), Bahasa, Pertuturan dan Patologi (SLP) serta Pendidikan Khas (SPED) yang bekerja secara harmoni untuk menyediakan program dan perkhidmatan yang disesuaikan secara individu mengikut keperluan anak anda. Semua pekerja dalam syarikat kami mempunyai lesen profesional.	body	TRUE	js	translated	377	433	1.15	Occupational Therapy;Special Education;Child	FALSE	FALSE		FALSE	
services	items	4 · specialed	services.items[4].whoItsFor	whoItsFor	⟪PLACEHOLDER⟫ Lorem ipsum dolor sit amet, consectetur adipiscing elit, sed do eiusmod tempor incididunt ut labore et dolore magna aliqua.	⟪PLACEHOLDER⟫ Lorem ipsum dolor sit amet, consectetur adipiscing elit, sed do eiusmod tempor incididunt ut labore et dolore magna aliqua.	body	TRUE	js	identical	137	137	1.00		FALSE	TRUE		FALSE	
services	items	4 · specialed	services.items[4].whatToExpect	whatToExpect	⟪PLACEHOLDER⟫ Lorem ipsum dolor sit amet, consectetur adipiscing elit, sed do eiusmod tempor incididunt ut labore et dolore magna aliqua.	⟪PLACEHOLDER⟫ Lorem ipsum dolor sit amet, consectetur adipiscing elit, sed do eiusmod tempor incididunt ut labore et dolore magna aliqua.	body	TRUE	js	identical	137	137	1.00		FALSE	TRUE		FALSE	
services	items	0	services.items[4].faqs[0].q	q	⟪PLACEHOLDER⟫ Lorem ipsum dolor sit amet?	⟪PLACEHOLDER⟫ Lorem ipsum dolor sit amet?	faq-q	TRUE	js	identical	41	41	1.00		FALSE	TRUE		FALSE	
services	items	0	services.items[4].faqs[0].a	a	⟪PLACEHOLDER⟫ Lorem ipsum dolor sit amet, consectetur adipiscing elit, sed do eiusmod tempor incididunt ut labore et dolore magna aliqua.	⟪PLACEHOLDER⟫ Lorem ipsum dolor sit amet, consectetur adipiscing elit, sed do eiusmod tempor incididunt ut labore et dolore magna aliqua.	faq-a	TRUE	js	identical	137	137	1.00		FALSE	TRUE		FALSE	
services	items	4 · specialed	services.items[4].cta	cta	Enquire about Cognitive Therapy & Special Education	Tanyakan tentang Terapi Kognitif & Pendidikan Khas	cta	TRUE	js	translated	51	50	0.98	Special Education	FALSE	FALSE		FALSE	
services	items	5 · eip	services.items[5].key	key	eip	eip	non-copy	FALSE	js	identical	3	3	1.00		FALSE	FALSE		FALSE	
services	items	5 · eip	services.items[5].title	title	Individual Education Program (IEP) & Early Intervention Program (EIP)	Program Pendidikan Individu (IEP) & Program Intervensi Awal (EIP)	heading	TRUE	js	translated	69	65	0.94	Early Intervention;Early Intervention Program	FALSE	FALSE		FALSE	
services	items	5 · eip	services.items[5].icon	icon	eip	eip	non-copy	FALSE	js	identical	3	3	1.00		FALSE	FALSE		FALSE	
services	items	5 · eip	services.items[5].whatItIs	whatItIs	Pre-literacy — personalized programs geared towards emerging literacy. Involves stimulation of language as precursor to development of high intelligence as well as sensory stimulation to help develop, regain, and maintain the child's ability to be able to participate in everyday situations and/or activities, and adapt to different environments. Includes learning through play and introduces basic concepts such as colors, shapes, letters and numbers. Therapy-based group program conducted daily by our certified Occupational Therapist, Speech Therapist/Clinical Linguist as well as our Special Education Teacher. For older children, focused on reading, mathematics, writing, language according to the KSSR syllabus as well as the development of social skills and cognitive building.	Pra-literasi — program yang diperibadikan menjurus kepada literasi yang sedang muncul. Melibatkan stimulasi bahasa sebagai prakata untuk pembinaan kecerdasan tinggi serta stimulasi sensori untuk membantu membina, mendapatkan semula, dan mengekalkan keupayaan anak untuk turut serta dalam situasi dan/atau aktiviti harian, serta menyesuaikan diri dengan persekitaran yang berbeza. Termasuk pembelajaran melalui permainan dan memperkenalkan konsep asas seperti warna, bentuk, huruf dan nombor. Program berkumpulan berasaskan terapi yang dijalankan setiap hari oleh Ahli Terapi Carakerja, Ahli Terapi Pertuturan/Pakar Linguistik Klinikal serta Guru Pendidikan Khas kami yang bertauliah. Untuk anak yang lebih tua, tumpuan diberikan kepada bacaan, matematik, penulisan, bahasa mengikut sukatan KSSR serta pembinaan kemahiran sosial dan kognitif.	body	TRUE	js	translated	784	841	1.07	Special Education;Child;Children	FALSE	FALSE		FALSE	
services	items	5 · eip	services.items[5].whoItsFor	whoItsFor	The EIP program is ONLY for children ages 12 and below: 1. School readiness program — 6-12 years old. 2. Play group — 3-5 years old. For children with mild to moderate disorders — Global or Developmental Delay / Intellectual, AD/HD, Autism, Down Syndrome, Hearing Impairments, Dyspraxia, etc.	Program EIP HANYA untuk anak berumur 12 tahun dan ke bawah: 1. Program kesediaan sekolah — 6-12 tahun. 2. Kumpulan bermain — 3-5 tahun. Untuk anak dengan gangguan ringan hingga sederhana — Kelewatan Global atau Perkembangan / Intelek, AD/HD, Autisme, Sindrom Down, Hendap Pendengaran, Dispraksia, dll.	body	TRUE	js	translated	292	301	1.03	Child;Children	FALSE	FALSE		FALSE	
services	items	5 · eip	services.items[5].whatToExpect	whatToExpect	Morning session (4 hours) — school readiness. Afternoon session (2 hours) — play group. Stimulation of language as precursor for the development of high intelligence as well as sensory stimulation to help develop, regain and maintain the child's ability to be able to participate in everyday situations and/or activities and adapt to different environments.	Sesi pagi (4 jam) — kesediaan sekolah. Sesi petang (2 jam) — kumpulan bermain. Stimulasi bahasa sebagai prakata untuk pembinaan kecerdasan tinggi serta stimulasi sensori untuk membantu membina, mendapatkan semula dan mengekalkan keupayaan anak untuk turut serta dalam situasi dan/atau aktiviti harian serta menyesuaikan diri dengan persekitaran yang berbeza.	body	TRUE	js	translated	357	358	1.00	Session;Child	FALSE	FALSE		FALSE	
services	items	0	services.items[5].faqs[0].q	q	⟪PLACEHOLDER⟫ Lorem ipsum dolor sit amet?	⟪PLACEHOLDER⟫ Lorem ipsum dolor sit amet?	faq-q	TRUE	js	identical	41	41	1.00		FALSE	TRUE		FALSE	
services	items	0	services.items[5].faqs[0].a	a	⟪PLACEHOLDER⟫ Lorem ipsum dolor sit amet, consectetur adipiscing elit, sed do eiusmod tempor incididunt ut labore et dolore magna aliqua.	⟪PLACEHOLDER⟫ Lorem ipsum dolor sit amet, consectetur adipiscing elit, sed do eiusmod tempor incididunt ut labore et dolore magna aliqua.	faq-a	TRUE	js	identical	137	137	1.00		FALSE	TRUE		FALSE	
services	items	5 · eip	services.items[5].cta	cta	Enquire about Early Intervention	Tanyakan tentang Intervensi Awal	cta	TRUE	js	translated	32	32	1.00	Early Intervention	FALSE	FALSE		FALSE	
services	items	6 · psych	services.items[6].key	key	psych	psych	non-copy	FALSE	js	identical	5	5	1.00		FALSE	FALSE		FALSE	
services	items	6 · psych	services.items[6].title	title	Clinical Psychology	Psikologi Klinikal	heading	TRUE	js	translated	19	18	0.95	Clinical Psychology	FALSE	FALSE		FALSE	
services	items	6 · psych	services.items[6].icon	icon	psych	psych	non-copy	FALSE	js	identical	5	5	1.00		FALSE	FALSE		FALSE	
services	items	6 · psych	services.items[6].whatItIs	whatItIs	Clinical psychologists meet with clients to identify problems - emotional, mental, and behavioural - in their lives. Through observation, interviews, and tests, the psychologist will diagnose any existing or potential disorders. Then, together with the client, they formulate a program of treatment according to the client's needs. Psychologists monitor the client's progress on a regular basis to ensure that their needs are met by the course of action, and to adjust it necessary.	Ahli psikologi klinikal bertemu klien untuk mengenal pasti masalah — emosi, mental, dan tingkah laku — dalam hidup mereka. Melalui pemerhatian, temu bual, dan ujian, ahli psikologi akan mendiagnosis sebarang gangguan sedia ada atau berpotensi. Kemudian, bersama klien, mereka merumuskan satu program rawatan mengikut keperluan klien. Ahli psikologi memantau perkembangan klien secara berkala untuk memastikan keperluan mereka dipenuhi oleh tindakan yang diambil, dan menyesuaikannya jika perlu.	body	TRUE	js	translated	482	494	1.02	Necessary	FALSE	FALSE		FALSE	
services	items	6 · psych	services.items[6].whoItsFor	whoItsFor	Children and families noticing concerns in: Emotional Regulation (frequent tantrums, intense outbursts, difficulty calming down); Social Behaviour (difficulty making friends, responding to social cues, cooperative play); Routine and Transitions (struggles with changes in routine, activities, or new environments); Anxiety or Fear (excessive clinginess, separation anxiety, fearfulness); Aggressive or Withdrawn Behaviour (hitting, biting, persistent sadness, loss of interest, withdrawal).	Anak-anak dan keluarga yang mendapati kebimbangan dalam: Regulasi Emosi (kerap mengamuk, letusan emosi yang kuat, sukar menenangkan diri); Tingkah Laku Sosial (sukar berkawan, bertindak balas terhadap isyarat sosial, bermain secara kerjasama); Rutin dan Peralihan (bergelut dengan perubahan rutin, aktiviti, atau persekitaran baharu); Kebimbangan atau Ketakutan (terlalu bergantung, kebimbangan berpisah, sifat penakut); Tingkah Laku Agresif atau Menarik Diri (memukul, menggigit, kesedihan berterusan, kehilangan minat, menarik diri).	body	TRUE	js	translated	490	535	1.09	Child;Children;Families	FALSE	FALSE		FALSE	
services	items	6 · psych	services.items[6].whatToExpect	whatToExpect	⟪PLACEHOLDER⟫ Lorem ipsum dolor sit amet, consectetur adipiscing elit, sed do eiusmod tempor incididunt ut labore et dolore magna aliqua.	⟪PLACEHOLDER⟫ Lorem ipsum dolor sit amet, consectetur adipiscing elit, sed do eiusmod tempor incididunt ut labore et dolore magna aliqua.	body	TRUE	js	identical	137	137	1.00		FALSE	TRUE		FALSE	
services	items	0	services.items[6].faqs[0].q	q	⟪PLACEHOLDER⟫ Lorem ipsum dolor sit amet?	⟪PLACEHOLDER⟫ Lorem ipsum dolor sit amet?	faq-q	TRUE	js	identical	41	41	1.00		FALSE	TRUE		FALSE	
services	items	0	services.items[6].faqs[0].a	a	⟪PLACEHOLDER⟫ Lorem ipsum dolor sit amet, consectetur adipiscing elit, sed do eiusmod tempor incididunt ut labore et dolore magna aliqua.	⟪PLACEHOLDER⟫ Lorem ipsum dolor sit amet, consectetur adipiscing elit, sed do eiusmod tempor incididunt ut labore et dolore magna aliqua.	faq-a	TRUE	js	identical	137	137	1.00		FALSE	TRUE		FALSE	
services	items	6 · psych	services.items[6].cta	cta	Enquire about Clinical Psychology	Tanyakan tentang Psikologi Klinikal	cta	TRUE	js	translated	33	35	1.06	Clinical Psychology	FALSE	FALSE		FALSE	
services	programmes		services.programmes.heading	heading	Our Programmes	Program Kami	heading	TRUE	static	translated	14	12	0.86		FALSE	FALSE		FALSE	
services	programmes		services.programmes.intro	intro	Offers quick, consistent and personalized intervention services for typically developing children, children with special needs and school age children. Our integrated and multidisciplinary set up consists of therapists from the fields of: Occupational Therapy (OT), Speech, Language and Pathology (SLP), Special Education (SPED) — working harmoniously to provide programmes and services catered individually to your child's needs.	Menawarkan perkhidmatan intervensi yang pantas, konsisten dan diperibadikan untuk kanak-kanak yang berkembang secara tipikal, kanak-kanak berkeperluan khas dan kanak-kanak usia sekolah. Susunan bersepadu dan multidisiplin kami terdiri daripada ahli terapi dalam bidang: Terapi Carakerja (OT), Bahasa, Pertuturan dan Patologi (SLP), Pendidikan Khas (SPED) — bekerja secara harmoni untuk menyediakan program dan perkhidmatan yang disesuaikan secara individu mengikut keperluan anak anda.	body	TRUE	static	translated	430	485	1.13	Occupational Therapy;Special Education;Child;Children;School age	FALSE	FALSE		FALSE	
services	programmes	0 · Early Intervention Programme	services.programmes.items[0].title	title	Early Intervention Programme	Program Intervensi Awal	heading	TRUE	unresolved	translated	28	23	0.82	Early Intervention;Early Intervention Program	FALSE	FALSE		FALSE	
services	programmes	0 · Early Intervention Programme	services.programmes.items[0].body	body	Children with mild to moderate disorders — Global or Developmental Delay / Intellectual, AD/HD, Autism, Down Syndrome, Hearing Impairments, Dyspraxia, etc. Stimulation of language as precursor for the development of high intelligence as well as sensory stimulation to help develop, regain and maintain the child's ability to be able to participate in everyday situations and/or activities and adapt to different environments.	Anak dengan gangguan ringan hingga sederhana — Kelewatan Global atau Perkembangan / Intelek, AD/HD, Autisme, Sindrom Down, Hendap Pendengaran, Dispraksia, dll. Stimulasi bahasa sebagai prakata untuk pembinaan kecerdasan tinggi serta stimulasi sensori untuk membantu membina, mendapatkan semula dan mengekalkan keupayaan anak untuk turut serta dalam situasi dan/atau aktiviti harian serta menyesuaikan diri dengan persekitaran yang berbeza.	body	TRUE	unresolved	translated	425	439	1.03	Child;Children	FALSE	FALSE		FALSE	
services	programmes	1 · Individual Programme	services.programmes.items[1].title	title	Individual Programme	Program Individu	heading	TRUE	unresolved	translated	20	16	0.80		FALSE	FALSE		FALSE	
services	programmes	1 · Individual Programme	services.programmes.items[1].body	body	One-to-one sessions: Occupational Therapy, Speech Therapy and Learning Therapy. Occupational Therapy is required for every session to address children with sensory and attention issues. Session is based on availability.	Sesi satu-dengan-satu: Terapi Carakerja, Terapi Pertuturan dan Terapi Pembelajaran. Terapi Carakerja diperlukan untuk setiap sesi bagi menangani anak dengan isu sensori dan tumpuan. Sesi adalah berdasarkan ketersediaan.	body	TRUE	unresolved	translated	219	219	1.00	Occupational Therapy;Speech Therapy;Session;Child;Children	FALSE	FALSE		FALSE	
services	programmes	2 · Grouping Programme	services.programmes.items[2].title	title	Grouping Programme	Program Berkumpulan	heading	TRUE	unresolved	translated	18	19	1.06		FALSE	FALSE		FALSE	
services	programmes	2 · Grouping Programme	services.programmes.items[2].body	body	In a group of 5-6 children, 2 sessions per day on weekdays. Morning session (4 hours): Occupational Therapy, Speech Therapy, Pre-literacy, Pre-primary school preparation. Afternoon session (2 hours): Occupational Therapy, Speech Therapy, Play group and learning basic concepts.	Dalam kumpulan 5-6 anak, 2 sesi sehari pada hari bekerja. Sesi pagi (4 jam): Terapi Carakerja, Terapi Pertuturan, Pra-literasi, Persediaan pra-sekolah rendah. Sesi petang (2 jam): Terapi Carakerja, Terapi Pertuturan, Kumpulan bermain dan mempelajari konsep asas.	body	TRUE	unresolved	translated	277	262	0.95	Occupational Therapy;Speech Therapy;Session;Child;Children	FALSE	FALSE		FALSE	
services	programmes	3 · Other Programmes	services.programmes.items[3].title	title	Other Programmes	Program Lain	heading	TRUE	unresolved	translated	16	12	0.75		FALSE	FALSE		FALSE	
services	programmes	3 · Other Programmes	services.programmes.items[3].body	body	Parent coaching and Teacher training. Social skills groups (7-9 years old and 13-18 years old): developing social skills, learning interpersonal skills, facilitating understanding and empathy amongst peers. Fine Motor Group (3-8 years old): pre-writing skills, handwriting readiness, drawing — beginner, intermediate and advance level classes. Activities of Daily Living (ADL) group (adolescents). Sensory - Feeding Therapy. Vocational skills training (15 and above).	Bimbingan ibu bapa dan latihan guru. Kumpulan kemahiran sosial (7-9 tahun dan 13-18 tahun): membina kemahiran sosial, mempelajari kemahiran interpersonal, memupuk pemahaman dan empati sesama rakan sebaya. Kumpulan Motor Halus (3-8 tahun): kemahiran pra-menulis, kesediaan tulisan tangan, melukis — kelas peringkat permulaan, pertengahan dan lanjutan. Kumpulan Aktiviti Kehidupan Harian (ADL) (remaja). Terapi Sensori - Pemakanan. Latihan kemahiran vokasional (15 tahun dan ke atas).	body	TRUE	unresolved	translated	467	482	1.03	Parent	FALSE	FALSE		FALSE	
blog	locale		common.locale.blogNotice	blogNotice	Site navigation translates; blog articles remain in English.	Navigasi laman ini diterjemah; artikel blog kekal dalam Bahasa Inggeris.	microcopy	TRUE	static	translated	60	72	1.20		FALSE	FALSE		TRUE	assets/img/blog/year-end-promo/hero.webp
blog	hero		blog.hero.title	title	From the blog		heading	TRUE	static	en-only	13				FALSE	FALSE		FALSE	
blog	categories		blog.categories[0]	categories	All		list-item	TRUE	unresolved	en-only	3				FALSE	FALSE		FALSE	
blog	categories		blog.categories[1]	categories	Parenting		list-item	TRUE	unresolved	en-only	9			Parent	FALSE	FALSE		FALSE	
blog	categories		blog.categories[2]	categories	Development		list-item	TRUE	unresolved	en-only	11				FALSE	FALSE		FALSE	
blog	categories		blog.categories[3]	categories	Speech & Language		list-item	TRUE	unresolved	en-only	17				FALSE	FALSE		FALSE	
blog	categories		blog.categories[4]	categories	Occupational Therapy		list-item	TRUE	unresolved	en-only	20			Occupational Therapy	FALSE	FALSE		FALSE	
blog	categories		blog.categories[5]	categories	Career		list-item	TRUE	unresolved	en-only	6				FALSE	FALSE		FALSE	
blog	categories		blog.categories[6]	categories	Events		list-item	TRUE	unresolved	en-only	6				FALSE	FALSE		FALSE	
blog	categories		blog.categories[7]	categories	Notices		list-item	TRUE	unresolved	en-only	7				FALSE	FALSE		FALSE	
blog	categories		blog.categories[8]	categories	Promo		list-item	TRUE	unresolved	en-only	5				FALSE	FALSE		FALSE	
blog	posts	0 · year-end-promo-first-intake-deals	blog.posts[0].id	id	year-end-promo-first-intake-deals		non-copy	FALSE	js	en-only	33				FALSE	FALSE		TRUE	assets/img/blog/year-end-promo/hero.webp
blog	posts	0 · year-end-promo-first-intake-deals	blog.posts[0].title	title	Our Annual Year End Promo & First Intake Special Deals		heading	TRUE	js	en-only	54				FALSE	FALSE		TRUE	assets/img/blog/year-end-promo/hero.webp
blog	posts	0 · year-end-promo-first-intake-deals	blog.posts[0].date	date	2025-12-01		non-copy	FALSE	js	en-only	10				FALSE	FALSE		TRUE	assets/img/blog/year-end-promo/hero.webp
blog	posts	0 · year-end-promo-first-intake-deals	blog.posts[0].category	category	Promo		label	TRUE	js	en-only	5				FALSE	FALSE		TRUE	assets/img/blog/year-end-promo/hero.webp
blog	posts	0 · year-end-promo-first-intake-deals	blog.posts[0].excerpt	excerpt	Our Annual Year End Promo! Full assessment at 20% off — plus First Intake bundle packages at 25% off. Contact +6013-249 0069.		body	TRUE	js	en-only	125				FALSE	FALSE		TRUE	assets/img/blog/year-end-promo/hero.webp
blog	posts	0 · year-end-promo-first-intake-deals	blog.posts[0].thumbnail	thumbnail	assets/img/blog/year-end-promo/hero.webp		non-copy	FALSE	js	en-only	40				FALSE	FALSE		TRUE	assets/img/blog/year-end-promo/hero.webp
blog	posts	0	blog.posts[0].tags[0]	tags	urbaneethos		list-item	TRUE	js	en-only	11				FALSE	FALSE		FALSE	
blog	posts	0	blog.posts[0].tags[1]	tags	promo		list-item	TRUE	js	en-only	5				FALSE	FALSE		FALSE	
blog	posts	0 · year-end-promo-first-intake-deals	blog.posts[0].localUrl	localUrl	./post-year-end-promo.html		non-copy	FALSE	js	en-only	26				FALSE	FALSE		TRUE	assets/img/blog/year-end-promo/hero.webp
blog	posts	1 · anak-dah-masuk-sekolah	blog.posts[1].id	id	anak-dah-masuk-sekolah		non-copy	FALSE	js	en-only	22				FALSE	FALSE		TRUE	assets/img/blog/blog-anak-dah-masuk-sekolah.webp
blog	posts	1 · anak-dah-masuk-sekolah	blog.posts[1].title	title	Anak Dah Masuk Sekolah! Tips Mengekalkan Minat Anak ke Sekolah Daripada Pakar Klinikal Psikologi		heading	TRUE	js	en-only	96				FALSE	FALSE		TRUE	assets/img/blog/blog-anak-dah-masuk-sekolah.webp
blog	posts	1 · anak-dah-masuk-sekolah	blog.posts[1].date	date	2025-03-13		non-copy	FALSE	js	en-only	10				FALSE	FALSE		TRUE	assets/img/blog/blog-anak-dah-masuk-sekolah.webp
blog	posts	1 · anak-dah-masuk-sekolah	blog.posts[1].category	category	Parenting		label	TRUE	js	en-only	9			Parent	FALSE	FALSE		TRUE	assets/img/blog/blog-anak-dah-masuk-sekolah.webp
blog	posts	1 · anak-dah-masuk-sekolah	blog.posts[1].excerpt	excerpt	Apabila anak sudah mula bersekolah, cabaran seterusnya bagi ibu bapa ialah mengekalkan semangat dan minat mereka untuk terus belajar.		body	TRUE	js	en-only	133				FALSE	FALSE		TRUE	assets/img/blog/blog-anak-dah-masuk-sekolah.webp
blog	posts	1 · anak-dah-masuk-sekolah	blog.posts[1].thumbnail	thumbnail	assets/img/blog/blog-anak-dah-masuk-sekolah.webp		non-copy	FALSE	js	en-only	48				FALSE	FALSE		TRUE	assets/img/blog/blog-anak-dah-masuk-sekolah.webp
blog	posts	1	blog.posts[1].tags[0]	tags	urbaneethos		list-item	TRUE	js	en-only	11				FALSE	FALSE		FALSE	
blog	posts	1	blog.posts[1].tags[1]	tags	Parenting Workshop		list-item	TRUE	js	en-only	18			Parent	FALSE	FALSE		FALSE	
blog	posts	1 · anak-dah-masuk-sekolah	blog.posts[1].localUrl	localUrl	./post-anak-dah-masuk-sekolah.html		non-copy	FALSE	js	en-only	34				FALSE	FALSE		TRUE	assets/img/blog/blog-anak-dah-masuk-sekolah.webp
blog	posts	2 · a-fulfilling-career-awaits	blog.posts[2].id	id	a-fulfilling-career-awaits		non-copy	FALSE	js	en-only	26				FALSE	FALSE		TRUE	assets/img/blog/a-fulfilling-career-awaits/hero.webp
blog	posts	2 · a-fulfilling-career-awaits	blog.posts[2].title	title	A Fulfilling Career Awaits: Join Us as a Special Education Teacher!		heading	TRUE	js	en-only	67			Special Education	FALSE	FALSE		TRUE	assets/img/blog/a-fulfilling-career-awaits/hero.webp
blog	posts	2 · a-fulfilling-career-awaits	blog.posts[2].date	date	2025-01-23		non-copy	FALSE	js	en-only	10				FALSE	FALSE		TRUE	assets/img/blog/a-fulfilling-career-awaits/hero.webp
blog	posts	2 · a-fulfilling-career-awaits	blog.posts[2].category	category	Career		label	TRUE	js	en-only	6				FALSE	FALSE		TRUE	assets/img/blog/a-fulfilling-career-awaits/hero.webp
blog	posts	2 · a-fulfilling-career-awaits	blog.posts[2].excerpt	excerpt	Are you passionate about making a difference in the lives of neurodiverse children and individuals with special needs? We have the perfect opportunity for you.		body	TRUE	js	en-only	159			Child;Children	FALSE	FALSE		TRUE	assets/img/blog/a-fulfilling-career-awaits/hero.webp
blog	posts	2 · a-fulfilling-career-awaits	blog.posts[2].thumbnail	thumbnail	assets/img/blog/a-fulfilling-career-awaits/hero.webp		non-copy	FALSE	js	en-only	52				FALSE	FALSE		TRUE	assets/img/blog/a-fulfilling-career-awaits/hero.webp
blog	posts	2	blog.posts[2].tags[0]	tags	urbaneethos		list-item	TRUE	js	en-only	11				FALSE	FALSE		FALSE	
blog	posts	2	blog.posts[2].tags[1]	tags	special needs		list-item	TRUE	js	en-only	13				FALSE	FALSE		FALSE	
blog	posts	2 · a-fulfilling-career-awaits	blog.posts[2].localUrl	localUrl	./post-a-fulfilling-career-awaits.html		non-copy	FALSE	js	en-only	38				FALSE	FALSE		TRUE	assets/img/blog/a-fulfilling-career-awaits/hero.webp
blog	posts	3 · what-does-sensory-have-to-do-with-my-feelings	blog.posts[3].id	id	what-does-sensory-have-to-do-with-my-feelings		non-copy	FALSE	js	en-only	45				FALSE	FALSE		TRUE	assets/img/blog/blog-what-does-sensory-have-to-do-with-my-feelings.webp
blog	posts	3 · what-does-sensory-have-to-do-with-my-feelings	blog.posts[3].title	title	What does Sensory have to do with my feelings?		heading	TRUE	js	en-only	46				FALSE	FALSE		TRUE	assets/img/blog/blog-what-does-sensory-have-to-do-with-my-feelings.webp
blog	posts	3 · what-does-sensory-have-to-do-with-my-feelings	blog.posts[3].date	date	2024-11-04		non-copy	FALSE	js	en-only	10				FALSE	FALSE		TRUE	assets/img/blog/blog-what-does-sensory-have-to-do-with-my-feelings.webp
blog	posts	3 · what-does-sensory-have-to-do-with-my-feelings	blog.posts[3].category	category	Development		label	TRUE	js	en-only	11				FALSE	FALSE		TRUE	assets/img/blog/blog-what-does-sensory-have-to-do-with-my-feelings.webp
blog	posts	3 · what-does-sensory-have-to-do-with-my-feelings	blog.posts[3].excerpt	excerpt	Sensory processing and emotional regulation are deeply interconnected aspects of human development, and together they play a significant role in shaping how we manage emotions.		body	TRUE	js	en-only	176				FALSE	FALSE		TRUE	assets/img/blog/blog-what-does-sensory-have-to-do-with-my-feelings.webp
blog	posts	3 · what-does-sensory-have-to-do-with-my-feelings	blog.posts[3].thumbnail	thumbnail	assets/img/blog/blog-what-does-sensory-have-to-do-with-my-feelings.webp		non-copy	FALSE	js	en-only	71				FALSE	FALSE		TRUE	assets/img/blog/blog-what-does-sensory-have-to-do-with-my-feelings.webp
blog	posts	3	blog.posts[3].tags[0]	tags	urbaneethos		list-item	TRUE	js	en-only	11				FALSE	FALSE		FALSE	
blog	posts	3	blog.posts[3].tags[1]	tags	occupational therapy		list-item	TRUE	js	en-only	20			Occupational Therapy	FALSE	FALSE		FALSE	
blog	posts	3	blog.posts[3].tags[2]	tags	development		list-item	TRUE	js	en-only	11				FALSE	FALSE		FALSE	
blog	posts	3 · what-does-sensory-have-to-do-with-my-feelings	blog.posts[3].localUrl	localUrl	./post-what-does-sensory-have-to-do-with-my-feelings.html		non-copy	FALSE	js	en-only	57				FALSE	FALSE		TRUE	assets/img/blog/blog-what-does-sensory-have-to-do-with-my-feelings.webp
blog	posts	4 · an-opportunity-to-learn-grow	blog.posts[4].id	id	an-opportunity-to-learn-grow		non-copy	FALSE	js	en-only	28				FALSE	FALSE		TRUE	assets/img/blog/blog-an-opportunity-to-learn-grow.webp
blog	posts	4 · an-opportunity-to-learn-grow	blog.posts[4].title	title	An Opportunity to Learn & Grow: On the Search for Speech-Language Therapists		heading	TRUE	js	en-only	76				FALSE	FALSE		TRUE	assets/img/blog/blog-an-opportunity-to-learn-grow.webp
blog	posts	4 · an-opportunity-to-learn-grow	blog.posts[4].date	date	2024-06-28		non-copy	FALSE	js	en-only	10				FALSE	FALSE		TRUE	assets/img/blog/blog-an-opportunity-to-learn-grow.webp
blog	posts	4 · an-opportunity-to-learn-grow	blog.posts[4].category	category	Career		label	TRUE	js	en-only	6				FALSE	FALSE		TRUE	assets/img/blog/blog-an-opportunity-to-learn-grow.webp
blog	posts	4 · an-opportunity-to-learn-grow	blog.posts[4].excerpt	excerpt	We're excited to welcome fresh graduates and experienced professionals to join our multidisciplinary team of speech-language therapists.		body	TRUE	js	en-only	136			Team	FALSE	FALSE		TRUE	assets/img/blog/blog-an-opportunity-to-learn-grow.webp
blog	posts	4 · an-opportunity-to-learn-grow	blog.posts[4].thumbnail	thumbnail	assets/img/blog/blog-an-opportunity-to-learn-grow.webp		non-copy	FALSE	js	en-only	54				FALSE	FALSE		TRUE	assets/img/blog/blog-an-opportunity-to-learn-grow.webp
blog	posts	4	blog.posts[4].tags[0]	tags	urbaneethos		list-item	TRUE	js	en-only	11				FALSE	FALSE		FALSE	
blog	posts	4	blog.posts[4].tags[1]	tags	speech therapy		list-item	TRUE	js	en-only	14			Speech Therapy	FALSE	FALSE		FALSE	
blog	posts	4 · an-opportunity-to-learn-grow	blog.posts[4].localUrl	localUrl	./post-an-opportunity-to-learn-grow.html		non-copy	FALSE	js	en-only	40				FALSE	FALSE		TRUE	assets/img/blog/blog-an-opportunity-to-learn-grow.webp
blog	posts	5 · the-stigma-around-mental-illness-and-its-impact-on-men-a-scoping-review	blog.posts[5].id	id	the-stigma-around-mental-illness-and-its-impact-on-men-a-scoping-review		non-copy	FALSE	js	en-only	71				FALSE	FALSE		TRUE	assets/img/blog/the-stigma-around-mental-illness-and-its-impact-on-men-a-scoping-review/01.png
blog	posts	5 · the-stigma-around-mental-illness-and-its-impact-on-men-a-scoping-review	blog.posts[5].title	title	The Stigma Around Mental Illness and Its Impact on Men: A Scoping Review		heading	TRUE	js	en-only	72				FALSE	FALSE		TRUE	assets/img/blog/the-stigma-around-mental-illness-and-its-impact-on-men-a-scoping-review/01.png
blog	posts	5 · the-stigma-around-mental-illness-and-its-impact-on-men-a-scoping-review	blog.posts[5].date	date	2024-06-27		non-copy	FALSE	js	en-only	10				FALSE	FALSE		TRUE	assets/img/blog/the-stigma-around-mental-illness-and-its-impact-on-men-a-scoping-review/01.png
blog	posts	5 · the-stigma-around-mental-illness-and-its-impact-on-men-a-scoping-review	blog.posts[5].category	category	Development		label	TRUE	js	en-only	11				FALSE	FALSE		TRUE	assets/img/blog/the-stigma-around-mental-illness-and-its-impact-on-men-a-scoping-review/01.png
blog	posts	5 · the-stigma-around-mental-illness-and-its-impact-on-men-a-scoping-review	blog.posts[5].excerpt	excerpt	A look at how mental illness stigma shapes men's experiences and blocks help-seeking, drawing on McKenzie et al.'s 2022 scoping review.		body	TRUE	js	en-only	135				FALSE	FALSE		TRUE	assets/img/blog/the-stigma-around-mental-illness-and-its-impact-on-men-a-scoping-review/01.png
blog	posts	5 · the-stigma-around-mental-illness-and-its-impact-on-men-a-scoping-review	blog.posts[5].thumbnail	thumbnail	assets/img/blog/the-stigma-around-mental-illness-and-its-impact-on-men-a-scoping-review/01.png		non-copy	FALSE	js	en-only	94				FALSE	FALSE		TRUE	assets/img/blog/the-stigma-around-mental-illness-and-its-impact-on-men-a-scoping-review/01.png
blog	posts	5	blog.posts[5].tags[0]	tags	mental health		list-item	TRUE	js	en-only	13				FALSE	FALSE		FALSE	
blog	posts	5	blog.posts[5].tags[1]	tags	men's health		list-item	TRUE	js	en-only	12				FALSE	FALSE		FALSE	
blog	posts	5	blog.posts[5].tags[2]	tags	stigma		list-item	TRUE	js	en-only	6				FALSE	FALSE		FALSE	
blog	posts	5 · the-stigma-around-mental-illness-and-its-impact-on-men-a-scoping-review	blog.posts[5].localUrl	localUrl	./post-the-stigma-around-mental-illness-and-its-impact-on-men-a-scoping-review.html		non-copy	FALSE	js	en-only	83				FALSE	FALSE		TRUE	assets/img/blog/the-stigma-around-mental-illness-and-its-impact-on-men-a-scoping-review/01.png
blog	posts	6 · mental-health-awareness-on-secondary-school-students	blog.posts[6].id	id	mental-health-awareness-on-secondary-school-students		non-copy	FALSE	js	en-only	52				FALSE	FALSE		TRUE	assets/img/blog/mental-health-awareness-on-secondary-school-students/01.png
blog	posts	6 · mental-health-awareness-on-secondary-school-students	blog.posts[6].title	title	Mental Health Awareness on Secondary School Students		heading	TRUE	js	en-only	52				FALSE	FALSE		TRUE	assets/img/blog/mental-health-awareness-on-secondary-school-students/01.png
blog	posts	6 · mental-health-awareness-on-secondary-school-students	blog.posts[6].date	date	2024-06-07		non-copy	FALSE	js	en-only	10				FALSE	FALSE		TRUE	assets/img/blog/mental-health-awareness-on-secondary-school-students/01.png
blog	posts	6 · mental-health-awareness-on-secondary-school-students	blog.posts[6].category	category	Development		label	TRUE	js	en-only	11				FALSE	FALSE		TRUE	assets/img/blog/mental-health-awareness-on-secondary-school-students/01.png
blog	posts	6 · mental-health-awareness-on-secondary-school-students	blog.posts[6].excerpt	excerpt	How familiarity, media exposure, knowledge and attitude shape mental health awareness among secondary school students, and the pivotal role schools can play.		body	TRUE	js	en-only	157				FALSE	FALSE		TRUE	assets/img/blog/mental-health-awareness-on-secondary-school-students/01.png
blog	posts	6 · mental-health-awareness-on-secondary-school-students	blog.posts[6].thumbnail	thumbnail	assets/img/blog/mental-health-awareness-on-secondary-school-students/01.png		non-copy	FALSE	js	en-only	75				FALSE	FALSE		TRUE	assets/img/blog/mental-health-awareness-on-secondary-school-students/01.png
blog	posts	6	blog.posts[6].tags[0]	tags	mental health		list-item	TRUE	js	en-only	13				FALSE	FALSE		FALSE	
blog	posts	6	blog.posts[6].tags[1]	tags	schools		list-item	TRUE	js	en-only	7				FALSE	FALSE		FALSE	
blog	posts	6	blog.posts[6].tags[2]	tags	youth		list-item	TRUE	js	en-only	5				FALSE	FALSE		FALSE	
blog	posts	6 · mental-health-awareness-on-secondary-school-students	blog.posts[6].localUrl	localUrl	./post-mental-health-awareness-on-secondary-school-students.html		non-copy	FALSE	js	en-only	64				FALSE	FALSE		TRUE	assets/img/blog/mental-health-awareness-on-secondary-school-students/01.png
blog	posts	7 · understanding-improving-mental-health-services-for-people-with-disabilities-pwd	blog.posts[7].id	id	understanding-improving-mental-health-services-for-people-with-disabilities-pwd		non-copy	FALSE	js	en-only	79				FALSE	FALSE		TRUE	assets/img/blog/understanding-improving-mental-health-services-for-people-with-disabilities-pwd/01.png
blog	posts	7 · understanding-improving-mental-health-services-for-people-with-disabilities-pwd	blog.posts[7].title	title	Understanding & Improving Mental Health Services for People With Disabilities (PWD)		heading	TRUE	js	en-only	83				FALSE	FALSE		TRUE	assets/img/blog/understanding-improving-mental-health-services-for-people-with-disabilities-pwd/01.png
blog	posts	7 · understanding-improving-mental-health-services-for-people-with-disabilities-pwd	blog.posts[7].date	date	2024-05-31		non-copy	FALSE	js	en-only	10				FALSE	FALSE		TRUE	assets/img/blog/understanding-improving-mental-health-services-for-people-with-disabilities-pwd/01.png
blog	posts	7 · understanding-improving-mental-health-services-for-people-with-disabilities-pwd	blog.posts[7].category	category	Development		label	TRUE	js	en-only	11				FALSE	FALSE		TRUE	assets/img/blog/understanding-improving-mental-health-services-for-people-with-disabilities-pwd/01.png
blog	posts	7 · understanding-improving-mental-health-services-for-people-with-disabilities-pwd	blog.posts[7].excerpt	excerpt	A look at mental health in Malaysia, the barriers people with disabilities face in accessing care, and practical strategies to make health services accessible to all.		body	TRUE	js	en-only	166				FALSE	FALSE		TRUE	assets/img/blog/understanding-improving-mental-health-services-for-people-with-disabilities-pwd/01.png
blog	posts	7 · understanding-improving-mental-health-services-for-people-with-disabilities-pwd	blog.posts[7].thumbnail	thumbnail	assets/img/blog/understanding-improving-mental-health-services-for-people-with-disabilities-pwd/01.png		non-copy	FALSE	js	en-only	102				FALSE	FALSE		TRUE	assets/img/blog/understanding-improving-mental-health-services-for-people-with-disabilities-pwd/01.png
blog	posts	7	blog.posts[7].tags[0]	tags	mental health		list-item	TRUE	js	en-only	13				FALSE	FALSE		FALSE	
blog	posts	7	blog.posts[7].tags[1]	tags	disability		list-item	TRUE	js	en-only	10				FALSE	FALSE		FALSE	
blog	posts	7	blog.posts[7].tags[2]	tags	malaysia		list-item	TRUE	js	en-only	8				FALSE	FALSE		FALSE	
blog	posts	7 · understanding-improving-mental-health-services-for-people-with-disabilities-pwd	blog.posts[7].localUrl	localUrl	./post-understanding-improving-mental-health-services-for-people-with-disabilities-pwd.html		non-copy	FALSE	js	en-only	91				FALSE	FALSE		TRUE	assets/img/blog/understanding-improving-mental-health-services-for-people-with-disabilities-pwd/01.png
blog	posts	8 · empower-young-minds-join-our-compassionate-team-and-together-let-us-make-a-difference	blog.posts[8].id	id	empower-young-minds-join-our-compassionate-team-and-together-let-us-make-a-difference		non-copy	FALSE	js	en-only	85			Team	FALSE	FALSE		TRUE	assets/img/blog/empower-young-minds-join-our-compassionate-team-and-together-let-us-make-a-difference/01.png
blog	posts	8 · empower-young-minds-join-our-compassionate-team-and-together-let-us-make-a-difference	blog.posts[8].title	title	Empower Young Minds: Join Our Compassionate Team and together let us Make a Difference!		heading	TRUE	js	en-only	87			Team	FALSE	FALSE		TRUE	assets/img/blog/empower-young-minds-join-our-compassionate-team-and-together-let-us-make-a-difference/01.png
blog	posts	8 · empower-young-minds-join-our-compassionate-team-and-together-let-us-make-a-difference	blog.posts[8].date	date	2023-10-19		non-copy	FALSE	js	en-only	10				FALSE	FALSE		TRUE	assets/img/blog/empower-young-minds-join-our-compassionate-team-and-together-let-us-make-a-difference/01.png
blog	posts	8 · empower-young-minds-join-our-compassionate-team-and-together-let-us-make-a-difference	blog.posts[8].category	category	Career		label	TRUE	js	en-only	6				FALSE	FALSE		TRUE	assets/img/blog/empower-young-minds-join-our-compassionate-team-and-together-let-us-make-a-difference/01.png
blog	posts	8 · empower-young-minds-join-our-compassionate-team-and-together-let-us-make-a-difference	blog.posts[8].excerpt	excerpt	Urbane Ethos Early Intervention Center is hiring part-time and full-time therapists, teachers, and support staff to work with children and teenagers with special needs.		body	TRUE	js	en-only	168			Early Intervention;Urbane Ethos Early Intervention Center;Center;Staff;Child;Children;Teenager	FALSE	FALSE		TRUE	assets/img/blog/empower-young-minds-join-our-compassionate-team-and-together-let-us-make-a-difference/01.png
blog	posts	8 · empower-young-minds-join-our-compassionate-team-and-together-let-us-make-a-difference	blog.posts[8].thumbnail	thumbnail	assets/img/blog/empower-young-minds-join-our-compassionate-team-and-together-let-us-make-a-difference/01.png		non-copy	FALSE	js	en-only	108			Team	FALSE	FALSE		TRUE	assets/img/blog/empower-young-minds-join-our-compassionate-team-and-together-let-us-make-a-difference/01.png
blog	posts	8	blog.posts[8].tags[0]	tags	careers		list-item	TRUE	js	en-only	7				FALSE	FALSE		FALSE	
blog	posts	8	blog.posts[8].tags[1]	tags	recruitment		list-item	TRUE	js	en-only	11				FALSE	FALSE		FALSE	
blog	posts	8	blog.posts[8].tags[2]	tags	early intervention		list-item	TRUE	js	en-only	18			Early Intervention	FALSE	FALSE		FALSE	
blog	posts	8 · empower-young-minds-join-our-compassionate-team-and-together-let-us-make-a-difference	blog.posts[8].localUrl	localUrl	./post-empower-young-minds-join-our-compassionate-team-and-together-let-us-make-a-difference.html		non-copy	FALSE	js	en-only	97			Team	FALSE	FALSE		TRUE	assets/img/blog/empower-young-minds-join-our-compassionate-team-and-together-let-us-make-a-difference/01.png
blog	posts	9 · eip-2023-group-is-full	blog.posts[9].id	id	eip-2023-group-is-full		non-copy	FALSE	js	en-only	22				FALSE	FALSE		TRUE	assets/img/blog/eip-2023-group-is-full/01.jpg
blog	posts	9 · eip-2023-group-is-full	blog.posts[9].title	title	EIP 2023 Group is FULL		heading	TRUE	js	en-only	22				FALSE	FALSE		TRUE	assets/img/blog/eip-2023-group-is-full/01.jpg
blog	posts	9 · eip-2023-group-is-full	blog.posts[9].date	date	2023-09-18		non-copy	FALSE	js	en-only	10				FALSE	FALSE		TRUE	assets/img/blog/eip-2023-group-is-full/01.jpg
blog	posts	9 · eip-2023-group-is-full	blog.posts[9].category	category	Notices		label	TRUE	js	en-only	7				FALSE	FALSE		TRUE	assets/img/blog/eip-2023-group-is-full/01.jpg
blog	posts	9 · eip-2023-group-is-full	blog.posts[9].excerpt	excerpt	Our morning and afternoon EIP therapy groups are full — thank you to our therapists and congratulations to the families on their children's progress.		body	TRUE	js	en-only	149			Child;Children;Families	FALSE	FALSE		TRUE	assets/img/blog/eip-2023-group-is-full/01.jpg
blog	posts	9 · eip-2023-group-is-full	blog.posts[9].thumbnail	thumbnail	assets/img/blog/eip-2023-group-is-full/01.jpg		non-copy	FALSE	js	en-only	45				FALSE	FALSE		TRUE	assets/img/blog/eip-2023-group-is-full/01.jpg
blog	posts	9	blog.posts[9].tags[0]	tags	eip		list-item	TRUE	js	en-only	3				FALSE	FALSE		FALSE	
blog	posts	9	blog.posts[9].tags[1]	tags	announcement		list-item	TRUE	js	en-only	12				FALSE	FALSE		FALSE	
blog	posts	9 · eip-2023-group-is-full	blog.posts[9].localUrl	localUrl	./post-eip-2023-group-is-full.html		non-copy	FALSE	js	en-only	34				FALSE	FALSE		TRUE	assets/img/blog/eip-2023-group-is-full/01.jpg
blog	posts	10 · occupational-therapist-wanted	blog.posts[10].id	id	occupational-therapist-wanted		non-copy	FALSE	js	en-only	29				FALSE	FALSE		TRUE	assets/img/blog/occupational-therapist-wanted/01.jpg
blog	posts	10 · occupational-therapist-wanted	blog.posts[10].title	title	Occupational Therapist Wanted!		heading	TRUE	js	en-only	30				FALSE	FALSE		TRUE	assets/img/blog/occupational-therapist-wanted/01.jpg
blog	posts	10 · occupational-therapist-wanted	blog.posts[10].date	date	2020-07-05		non-copy	FALSE	js	en-only	10				FALSE	FALSE		TRUE	assets/img/blog/occupational-therapist-wanted/01.jpg
blog	posts	10 · occupational-therapist-wanted	blog.posts[10].category	category	Career		label	TRUE	js	en-only	6				FALSE	FALSE		TRUE	assets/img/blog/occupational-therapist-wanted/01.jpg
blog	posts	10 · occupational-therapist-wanted	blog.posts[10].excerpt	excerpt	Urbane Ethos is hiring a full-time occupational therapist to join a multidisciplinary team; fresh graduates are welcome to apply.		body	TRUE	js	en-only	129			Team	FALSE	FALSE		TRUE	assets/img/blog/occupational-therapist-wanted/01.jpg
blog	posts	10 · occupational-therapist-wanted	blog.posts[10].thumbnail	thumbnail	assets/img/blog/occupational-therapist-wanted/01.jpg		non-copy	FALSE	js	en-only	52				FALSE	FALSE		TRUE	assets/img/blog/occupational-therapist-wanted/01.jpg
blog	posts	10	blog.posts[10].tags[0]	tags	occupational therapy		list-item	TRUE	js	en-only	20			Occupational Therapy	FALSE	FALSE		FALSE	
blog	posts	10	blog.posts[10].tags[1]	tags	hiring		list-item	TRUE	js	en-only	6				FALSE	FALSE		FALSE	
blog	posts	10 · occupational-therapist-wanted	blog.posts[10].localUrl	localUrl	./post-occupational-therapist-wanted.html		non-copy	FALSE	js	en-only	41				FALSE	FALSE		TRUE	assets/img/blog/occupational-therapist-wanted/01.jpg
blog	posts	11 · reviews	blog.posts[11].id	id	reviews		non-copy	FALSE	js	en-only	7				FALSE	FALSE		TRUE	assets/img/blog/reviews/01.jpg
blog	posts	11 · reviews	blog.posts[11].title	title	Reviews		heading	TRUE	js	en-only	7				FALSE	FALSE		TRUE	assets/img/blog/reviews/01.jpg
blog	posts	11 · reviews	blog.posts[11].date	date	2020-07-05		non-copy	FALSE	js	en-only	10				FALSE	FALSE		TRUE	assets/img/blog/reviews/01.jpg
blog	posts	11 · reviews	blog.posts[11].category	category	Notices		label	TRUE	js	en-only	7				FALSE	FALSE		TRUE	assets/img/blog/reviews/01.jpg
blog	posts	11 · reviews	blog.posts[11].excerpt	excerpt	A thank-you to families for their continued support and feedback for Urbane Ethos.		body	TRUE	js	en-only	82			Families	FALSE	FALSE		TRUE	assets/img/blog/reviews/01.jpg
blog	posts	11 · reviews	blog.posts[11].thumbnail	thumbnail	assets/img/blog/reviews/01.jpg		non-copy	FALSE	js	en-only	30				FALSE	FALSE		TRUE	assets/img/blog/reviews/01.jpg
blog	posts	11	blog.posts[11].tags[0]	tags	reviews		list-item	TRUE	js	en-only	7				FALSE	FALSE		FALSE	
blog	posts	11	blog.posts[11].tags[1]	tags	testimonials		list-item	TRUE	js	en-only	12				FALSE	FALSE		FALSE	
blog	posts	11 · reviews	blog.posts[11].localUrl	localUrl	./post-reviews.html		non-copy	FALSE	js	en-only	19				FALSE	FALSE		TRUE	assets/img/blog/reviews/01.jpg
blog	posts	12 · importance-of-feedback	blog.posts[12].id	id	importance-of-feedback		non-copy	FALSE	js	en-only	22				FALSE	FALSE		TRUE	assets/img/blog/importance-of-feedback/01.jpg
blog	posts	12 · importance-of-feedback	blog.posts[12].title	title	Importance of Feedback		heading	TRUE	js	en-only	22				FALSE	FALSE		TRUE	assets/img/blog/importance-of-feedback/01.jpg
blog	posts	12 · importance-of-feedback	blog.posts[12].date	date	2020-06-19		non-copy	FALSE	js	en-only	10				FALSE	FALSE		TRUE	assets/img/blog/importance-of-feedback/01.jpg
blog	posts	12 · importance-of-feedback	blog.posts[12].category	category	Notices		label	TRUE	js	en-only	7				FALSE	FALSE		TRUE	assets/img/blog/importance-of-feedback/01.jpg
blog	posts	12 · importance-of-feedback	blog.posts[12].excerpt	excerpt	Parent feedback helps us continuously improve our services and maintain a safe, fun learning environment for every child.		body	TRUE	js	en-only	121			Child;Parent	FALSE	FALSE		TRUE	assets/img/blog/importance-of-feedback/01.jpg
blog	posts	12 · importance-of-feedback	blog.posts[12].thumbnail	thumbnail	assets/img/blog/importance-of-feedback/01.jpg		non-copy	FALSE	js	en-only	45				FALSE	FALSE		TRUE	assets/img/blog/importance-of-feedback/01.jpg
blog	posts	12	blog.posts[12].tags[0]	tags	feedback		list-item	TRUE	js	en-only	8				FALSE	FALSE		FALSE	
blog	posts	12	blog.posts[12].tags[1]	tags	testimonials		list-item	TRUE	js	en-only	12				FALSE	FALSE		FALSE	
blog	posts	12 · importance-of-feedback	blog.posts[12].localUrl	localUrl	./post-importance-of-feedback.html		non-copy	FALSE	js	en-only	34				FALSE	FALSE		TRUE	assets/img/blog/importance-of-feedback/01.jpg
blog	posts	13 · thank-you-for-your-support-and-feedback	blog.posts[13].id	id	thank-you-for-your-support-and-feedback		non-copy	FALSE	js	en-only	39				FALSE	FALSE		TRUE	assets/img/blog/thank-you-for-your-support-and-feedback/01.jpg
blog	posts	13 · thank-you-for-your-support-and-feedback	blog.posts[13].title	title	Thank you for your support and feedback!		heading	TRUE	js	en-only	40				FALSE	FALSE		TRUE	assets/img/blog/thank-you-for-your-support-and-feedback/01.jpg
blog	posts	13 · thank-you-for-your-support-and-feedback	blog.posts[13].date	date	2020-06-19		non-copy	FALSE	js	en-only	10				FALSE	FALSE		TRUE	assets/img/blog/thank-you-for-your-support-and-feedback/01.jpg
blog	posts	13 · thank-you-for-your-support-and-feedback	blog.posts[13].category	category	Notices		label	TRUE	js	en-only	7				FALSE	FALSE		TRUE	assets/img/blog/thank-you-for-your-support-and-feedback/01.jpg
blog	posts	13 · thank-you-for-your-support-and-feedback	blog.posts[13].excerpt	excerpt	Parents share feedback on their journey to better understand and support their special needs child with Urbane Ethos.		body	TRUE	js	en-only	117			Child;Parent;Parents	FALSE	FALSE		TRUE	assets/img/blog/thank-you-for-your-support-and-feedback/01.jpg
blog	posts	13 · thank-you-for-your-support-and-feedback	blog.posts[13].thumbnail	thumbnail	assets/img/blog/thank-you-for-your-support-and-feedback/01.jpg		non-copy	FALSE	js	en-only	62				FALSE	FALSE		TRUE	assets/img/blog/thank-you-for-your-support-and-feedback/01.jpg
blog	posts	13	blog.posts[13].tags[0]	tags	testimonials		list-item	TRUE	js	en-only	12				FALSE	FALSE		FALSE	
blog	posts	13	blog.posts[13].tags[1]	tags	feedback		list-item	TRUE	js	en-only	8				FALSE	FALSE		FALSE	
blog	posts	13 · thank-you-for-your-support-and-feedback	blog.posts[13].localUrl	localUrl	./post-thank-you-for-your-support-and-feedback.html		non-copy	FALSE	js	en-only	51				FALSE	FALSE		TRUE	assets/img/blog/thank-you-for-your-support-and-feedback/01.jpg
blog	posts	14 · happy-mother-s-day-salam-nuzul-quran	blog.posts[14].id	id	happy-mother-s-day-salam-nuzul-quran		non-copy	FALSE	js	en-only	36				FALSE	FALSE		TRUE	assets/img/blog/happy-mother-s-day-salam-nuzul-quran/01.jpg
blog	posts	14 · happy-mother-s-day-salam-nuzul-quran	blog.posts[14].title	title	Happy Mother's Day & Salam Nuzul Quran		heading	TRUE	js	en-only	38				FALSE	FALSE		TRUE	assets/img/blog/happy-mother-s-day-salam-nuzul-quran/01.jpg
blog	posts	14 · happy-mother-s-day-salam-nuzul-quran	blog.posts[14].date	date	2020-05-10		non-copy	FALSE	js	en-only	10				FALSE	FALSE		TRUE	assets/img/blog/happy-mother-s-day-salam-nuzul-quran/01.jpg
blog	posts	14 · happy-mother-s-day-salam-nuzul-quran	blog.posts[14].category	category	Notices		label	TRUE	js	en-only	7				FALSE	FALSE		TRUE	assets/img/blog/happy-mother-s-day-salam-nuzul-quran/01.jpg
blog	posts	14 · happy-mother-s-day-salam-nuzul-quran	blog.posts[14].excerpt	excerpt	A Mother's Day and Salam Nuzul Quran greeting to the mothers we care for, with a promise to walk alongside them and their children.		body	TRUE	js	en-only	131			Child;Children	FALSE	FALSE		TRUE	assets/img/blog/happy-mother-s-day-salam-nuzul-quran/01.jpg
blog	posts	14 · happy-mother-s-day-salam-nuzul-quran	blog.posts[14].thumbnail	thumbnail	assets/img/blog/happy-mother-s-day-salam-nuzul-quran/01.jpg		non-copy	FALSE	js	en-only	59				FALSE	FALSE		TRUE	assets/img/blog/happy-mother-s-day-salam-nuzul-quran/01.jpg
blog	posts	14	blog.posts[14].tags[0]	tags	mothers day		list-item	TRUE	js	en-only	11				FALSE	FALSE		FALSE	
blog	posts	14	blog.posts[14].tags[1]	tags	greetings		list-item	TRUE	js	en-only	9				FALSE	FALSE		FALSE	
blog	posts	14 · happy-mother-s-day-salam-nuzul-quran	blog.posts[14].localUrl	localUrl	./post-happy-mother-s-day-salam-nuzul-quran.html		non-copy	FALSE	js	en-only	48				FALSE	FALSE		TRUE	assets/img/blog/happy-mother-s-day-salam-nuzul-quran/01.jpg
blog	posts	15 · ramadhan-kareem-everyone	blog.posts[15].id	id	ramadhan-kareem-everyone		non-copy	FALSE	js	en-only	24				FALSE	FALSE		FALSE	
blog	posts	15 · ramadhan-kareem-everyone	blog.posts[15].title	title	Ramadhan Kareem everyone :-)		heading	TRUE	js	en-only	28				FALSE	FALSE		FALSE	
blog	posts	15 · ramadhan-kareem-everyone	blog.posts[15].date	date	2020-04-23		non-copy	FALSE	js	en-only	10				FALSE	FALSE		FALSE	
blog	posts	15 · ramadhan-kareem-everyone	blog.posts[15].category	category	Notices		label	TRUE	js	en-only	7				FALSE	FALSE		FALSE	
blog	posts	15 · ramadhan-kareem-everyone	blog.posts[15].excerpt	excerpt	A Ramadhan greeting from Urbane Ethos, staying closed during the extended covid-19 movement restriction until it is safe for all.		body	TRUE	js	en-only	129			Close;Closed	FALSE	FALSE		FALSE	
blog	posts	15	blog.posts[15].tags[0]	tags	ramadhan		list-item	TRUE	js	en-only	8				FALSE	FALSE		FALSE	
blog	posts	15	blog.posts[15].tags[1]	tags	greeting		list-item	TRUE	js	en-only	8				FALSE	FALSE		FALSE	
blog	posts	15 · ramadhan-kareem-everyone	blog.posts[15].localUrl	localUrl	./post-ramadhan-kareem-everyone.html		non-copy	FALSE	js	en-only	36				FALSE	FALSE		FALSE	
blog	posts	16 · free-consultation-session	blog.posts[16].id	id	free-consultation-session		non-copy	FALSE	js	en-only	25			Session	FALSE	FALSE		TRUE	assets/img/blog/free-consultation-session/01.jpg
blog	posts	16 · free-consultation-session	blog.posts[16].title	title	Free consultation session!		heading	TRUE	js	en-only	26			Session	FALSE	FALSE		TRUE	assets/img/blog/free-consultation-session/01.jpg
blog	posts	16 · free-consultation-session	blog.posts[16].date	date	2020-04-20		non-copy	FALSE	js	en-only	10				FALSE	FALSE		TRUE	assets/img/blog/free-consultation-session/01.jpg
blog	posts	16 · free-consultation-session	blog.posts[16].category	category	Events		label	TRUE	js	en-only	6				FALSE	FALSE		TRUE	assets/img/blog/free-consultation-session/01.jpg
blog	posts	16 · free-consultation-session	blog.posts[16].excerpt	excerpt	A free online sharing session with our therapists where parents can share concerns and queries about their child's development.		body	TRUE	js	en-only	127			Session;Child;Parent;Parents	FALSE	FALSE		TRUE	assets/img/blog/free-consultation-session/01.jpg
blog	posts	16 · free-consultation-session	blog.posts[16].thumbnail	thumbnail	assets/img/blog/free-consultation-session/01.jpg		non-copy	FALSE	js	en-only	48			Session	FALSE	FALSE		TRUE	assets/img/blog/free-consultation-session/01.jpg
blog	posts	16	blog.posts[16].tags[0]	tags	consultation		list-item	TRUE	js	en-only	12				FALSE	FALSE		FALSE	
blog	posts	16	blog.posts[16].tags[1]	tags	child development		list-item	TRUE	js	en-only	17			Child	FALSE	FALSE		FALSE	
blog	posts	16 · free-consultation-session	blog.posts[16].localUrl	localUrl	./post-free-consultation-session.html		non-copy	FALSE	js	en-only	37			Session	FALSE	FALSE		TRUE	assets/img/blog/free-consultation-session/01.jpg
blog	posts	17 · great-news-let-us-help-you-and-your-child-in-the-comfort-of-your-home-through-teletherapy	blog.posts[17].id	id	great-news-let-us-help-you-and-your-child-in-the-comfort-of-your-home-through-teletherapy		non-copy	FALSE	js	en-only	89			Child	FALSE	FALSE		TRUE	assets/img/blog/great-news-let-us-help-you-and-your-child-in-the-comfort-of-your-home-through-teletherapy/01.jpg
blog	posts	17 · great-news-let-us-help-you-and-your-child-in-the-comfort-of-your-home-through-teletherapy	blog.posts[17].title	title	Great news! Let us help you and your child in the comfort of your home through teletherapy.		heading	TRUE	js	en-only	91			Child	FALSE	FALSE		TRUE	assets/img/blog/great-news-let-us-help-you-and-your-child-in-the-comfort-of-your-home-through-teletherapy/01.jpg
blog	posts	17 · great-news-let-us-help-you-and-your-child-in-the-comfort-of-your-home-through-teletherapy	blog.posts[17].date	date	2020-04-18		non-copy	FALSE	js	en-only	10				FALSE	FALSE		TRUE	assets/img/blog/great-news-let-us-help-you-and-your-child-in-the-comfort-of-your-home-through-teletherapy/01.jpg
blog	posts	17 · great-news-let-us-help-you-and-your-child-in-the-comfort-of-your-home-through-teletherapy	blog.posts[17].category	category	Promo		label	TRUE	js	en-only	5				FALSE	FALSE		TRUE	assets/img/blog/great-news-let-us-help-you-and-your-child-in-the-comfort-of-your-home-through-teletherapy/01.jpg
blog	posts	17 · great-news-let-us-help-you-and-your-child-in-the-comfort-of-your-home-through-teletherapy	blog.posts[17].excerpt	excerpt	A special introductory offer for integrated teletherapy sessions from 20th to 30th April — speech, occupational therapy, and special needs support at home.		body	TRUE	js	en-only	155			Occupational Therapy;Session	FALSE	FALSE		TRUE	assets/img/blog/great-news-let-us-help-you-and-your-child-in-the-comfort-of-your-home-through-teletherapy/01.jpg
blog	posts	17 · great-news-let-us-help-you-and-your-child-in-the-comfort-of-your-home-through-teletherapy	blog.posts[17].thumbnail	thumbnail	assets/img/blog/great-news-let-us-help-you-and-your-child-in-the-comfort-of-your-home-through-teletherapy/01.jpg		non-copy	FALSE	js	en-only	112			Child	FALSE	FALSE		TRUE	assets/img/blog/great-news-let-us-help-you-and-your-child-in-the-comfort-of-your-home-through-teletherapy/01.jpg
blog	posts	17	blog.posts[17].tags[0]	tags	teletherapy		list-item	TRUE	js	en-only	11				FALSE	FALSE		FALSE	
blog	posts	17	blog.posts[17].tags[1]	tags	promotion		list-item	TRUE	js	en-only	9				FALSE	FALSE		FALSE	
blog	posts	17 · great-news-let-us-help-you-and-your-child-in-the-comfort-of-your-home-through-teletherapy	blog.posts[17].localUrl	localUrl	./post-great-news-let-us-help-you-and-your-child-in-the-comfort-of-your-home-through-teletherapy.html		non-copy	FALSE	js	en-only	101			Child	FALSE	FALSE		TRUE	assets/img/blog/great-news-let-us-help-you-and-your-child-in-the-comfort-of-your-home-through-teletherapy/01.jpg
blog	posts	18 · free-consultation-we-care-you-share-during-this-covid19-rmo	blog.posts[18].id	id	free-consultation-we-care-you-share-during-this-covid19-rmo		non-copy	FALSE	js	en-only	59				FALSE	FALSE		TRUE	assets/img/blog/free-consultation-we-care-you-share-during-this-covid19-rmo/01.jpg
blog	posts	18 · free-consultation-we-care-you-share-during-this-covid19-rmo	blog.posts[18].title	title	FREE Consultation - We Care, You Share during this Covid19 RMO		heading	TRUE	js	en-only	62				FALSE	FALSE		TRUE	assets/img/blog/free-consultation-we-care-you-share-during-this-covid19-rmo/01.jpg
blog	posts	18 · free-consultation-we-care-you-share-during-this-covid19-rmo	blog.posts[18].date	date	2020-04-16		non-copy	FALSE	js	en-only	10				FALSE	FALSE		TRUE	assets/img/blog/free-consultation-we-care-you-share-during-this-covid19-rmo/01.jpg
blog	posts	18 · free-consultation-we-care-you-share-during-this-covid19-rmo	blog.posts[18].category	category	Events		label	TRUE	js	en-only	6				FALSE	FALSE		TRUE	assets/img/blog/free-consultation-we-care-you-share-during-this-covid19-rmo/01.jpg
blog	posts	18 · free-consultation-we-care-you-share-during-this-covid19-rmo	blog.posts[18].excerpt	excerpt	Urbane Ethos therapists offer a free online consultation for worried parents during the Covid-19 movement control order.		body	TRUE	js	en-only	120			Parent;Parents	FALSE	FALSE		TRUE	assets/img/blog/free-consultation-we-care-you-share-during-this-covid19-rmo/01.jpg
blog	posts	18 · free-consultation-we-care-you-share-during-this-covid19-rmo	blog.posts[18].thumbnail	thumbnail	assets/img/blog/free-consultation-we-care-you-share-during-this-covid19-rmo/01.jpg		non-copy	FALSE	js	en-only	82				FALSE	FALSE		TRUE	assets/img/blog/free-consultation-we-care-you-share-during-this-covid19-rmo/01.jpg
blog	posts	18	blog.posts[18].tags[0]	tags	covid-19		list-item	TRUE	js	en-only	8				FALSE	FALSE		FALSE	
blog	posts	18	blog.posts[18].tags[1]	tags	consultation		list-item	TRUE	js	en-only	12				FALSE	FALSE		FALSE	
blog	posts	18	blog.posts[18].tags[2]	tags	online		list-item	TRUE	js	en-only	6				FALSE	FALSE		FALSE	
blog	posts	18 · free-consultation-we-care-you-share-during-this-covid19-rmo	blog.posts[18].localUrl	localUrl	./post-free-consultation-we-care-you-share-during-this-covid19-rmo.html		non-copy	FALSE	js	en-only	71				FALSE	FALSE		TRUE	assets/img/blog/free-consultation-we-care-you-share-during-this-covid19-rmo/01.jpg
blog	posts	19 · who-is-an-occupational-therapists-ot-3-misconceptions	blog.posts[19].id	id	who-is-an-occupational-therapists-ot-3-misconceptions		non-copy	FALSE	js	en-only	53				FALSE	FALSE		TRUE	assets/img/blog/who-is-an-occupational-therapists-ot-3-misconceptions/01.jpg
blog	posts	19 · who-is-an-occupational-therapists-ot-3-misconceptions	blog.posts[19].title	title	WHO IS AN OCCUPATIONAL THERAPIST (OT)? 3 MISCONCEPTIONS		heading	TRUE	js	en-only	55				FALSE	FALSE		TRUE	assets/img/blog/who-is-an-occupational-therapists-ot-3-misconceptions/01.jpg
blog	posts	19 · who-is-an-occupational-therapists-ot-3-misconceptions	blog.posts[19].date	date	2020-04-16		non-copy	FALSE	js	en-only	10				FALSE	FALSE		TRUE	assets/img/blog/who-is-an-occupational-therapists-ot-3-misconceptions/01.jpg
blog	posts	19 · who-is-an-occupational-therapists-ot-3-misconceptions	blog.posts[19].category	category	Occupational Therapy		label	TRUE	js	en-only	20			Occupational Therapy	FALSE	FALSE		TRUE	assets/img/blog/who-is-an-occupational-therapists-ot-3-misconceptions/01.jpg
blog	posts	19 · who-is-an-occupational-therapists-ot-3-misconceptions	blog.posts[19].excerpt	excerpt	Three common misconceptions about occupational therapists, and how Urbane Ethos OTs support your child's development.		body	TRUE	js	en-only	117			Child	FALSE	FALSE		TRUE	assets/img/blog/who-is-an-occupational-therapists-ot-3-misconceptions/01.jpg
blog	posts	19 · who-is-an-occupational-therapists-ot-3-misconceptions	blog.posts[19].thumbnail	thumbnail	assets/img/blog/who-is-an-occupational-therapists-ot-3-misconceptions/01.jpg		non-copy	FALSE	js	en-only	76				FALSE	FALSE		TRUE	assets/img/blog/who-is-an-occupational-therapists-ot-3-misconceptions/01.jpg
blog	posts	19	blog.posts[19].tags[0]	tags	occupational therapy		list-item	TRUE	js	en-only	20			Occupational Therapy	FALSE	FALSE		FALSE	
blog	posts	19	blog.posts[19].tags[1]	tags	child development		list-item	TRUE	js	en-only	17			Child	FALSE	FALSE		FALSE	
blog	posts	19 · who-is-an-occupational-therapists-ot-3-misconceptions	blog.posts[19].localUrl	localUrl	./post-who-is-an-occupational-therapists-ot-3-misconceptions.html		non-copy	FALSE	js	en-only	65				FALSE	FALSE		TRUE	assets/img/blog/who-is-an-occupational-therapists-ot-3-misconceptions/01.jpg
blog	posts	20 · e-coaching-module-2	blog.posts[20].id	id	e-coaching-module-2		non-copy	FALSE	js	en-only	19				FALSE	FALSE		TRUE	assets/img/blog/e-coaching-module-2/01.jpg
blog	posts	20 · e-coaching-module-2	blog.posts[20].title	title	e-Coaching Module 2		heading	TRUE	js	en-only	19				FALSE	FALSE		TRUE	assets/img/blog/e-coaching-module-2/01.jpg
blog	posts	20 · e-coaching-module-2	blog.posts[20].date	date	2020-04-06		non-copy	FALSE	js	en-only	10				FALSE	FALSE		TRUE	assets/img/blog/e-coaching-module-2/01.jpg
blog	posts	20 · e-coaching-module-2	blog.posts[20].category	category	Events		label	TRUE	js	en-only	6				FALSE	FALSE		TRUE	assets/img/blog/e-coaching-module-2/01.jpg
blog	posts	20 · e-coaching-module-2	blog.posts[20].excerpt	excerpt	Registration is open for the second e-Coaching module, covering gross and fine motor skills and play-and-copy language building.		body	TRUE	js	en-only	128				FALSE	FALSE		TRUE	assets/img/blog/e-coaching-module-2/01.jpg
blog	posts	20 · e-coaching-module-2	blog.posts[20].thumbnail	thumbnail	assets/img/blog/e-coaching-module-2/01.jpg		non-copy	FALSE	js	en-only	42				FALSE	FALSE		TRUE	assets/img/blog/e-coaching-module-2/01.jpg
blog	posts	20	blog.posts[20].tags[0]	tags	e-coaching		list-item	TRUE	js	en-only	10				FALSE	FALSE		FALSE	
blog	posts	20	blog.posts[20].tags[1]	tags	motor skills		list-item	TRUE	js	en-only	12				FALSE	FALSE		FALSE	
blog	posts	20	blog.posts[20].tags[2]	tags	language		list-item	TRUE	js	en-only	8				FALSE	FALSE		FALSE	
blog	posts	20 · e-coaching-module-2	blog.posts[20].localUrl	localUrl	./post-e-coaching-module-2.html		non-copy	FALSE	js	en-only	31				FALSE	FALSE		TRUE	assets/img/blog/e-coaching-module-2/01.jpg
blog	posts	21 · register-now-for-e-coaching	blog.posts[21].id	id	register-now-for-e-coaching		non-copy	FALSE	js	en-only	27				FALSE	FALSE		TRUE	assets/img/blog/register-now-for-e-coaching/01.jpg
blog	posts	21 · register-now-for-e-coaching	blog.posts[21].title	title	Register now for e-Coaching		heading	TRUE	js	en-only	27				FALSE	FALSE		TRUE	assets/img/blog/register-now-for-e-coaching/01.jpg
blog	posts	21 · register-now-for-e-coaching	blog.posts[21].date	date	2020-04-03		non-copy	FALSE	js	en-only	10				FALSE	FALSE		TRUE	assets/img/blog/register-now-for-e-coaching/01.jpg
blog	posts	21 · register-now-for-e-coaching	blog.posts[21].category	category	Events		label	TRUE	js	en-only	6				FALSE	FALSE		TRUE	assets/img/blog/register-now-for-e-coaching/01.jpg
blog	posts	21 · register-now-for-e-coaching	blog.posts[21].excerpt	excerpt	Parents share glowing feedback on our e-Coaching sessions, and registration is now open to continue therapy at home or on screen.		body	TRUE	js	en-only	129			Session;Parent;Parents	FALSE	FALSE		TRUE	assets/img/blog/register-now-for-e-coaching/01.jpg
blog	posts	21 · register-now-for-e-coaching	blog.posts[21].thumbnail	thumbnail	assets/img/blog/register-now-for-e-coaching/01.jpg		non-copy	FALSE	js	en-only	50				FALSE	FALSE		TRUE	assets/img/blog/register-now-for-e-coaching/01.jpg
blog	posts	21	blog.posts[21].tags[0]	tags	e-coaching		list-item	TRUE	js	en-only	10				FALSE	FALSE		FALSE	
blog	posts	21	blog.posts[21].tags[1]	tags	teletherapy		list-item	TRUE	js	en-only	11				FALSE	FALSE		FALSE	
blog	posts	21 · register-now-for-e-coaching	blog.posts[21].localUrl	localUrl	./post-register-now-for-e-coaching.html		non-copy	FALSE	js	en-only	39				FALSE	FALSE		TRUE	assets/img/blog/register-now-for-e-coaching/01.jpg
blog	posts	22 · world-autism-awareness-day	blog.posts[22].id	id	world-autism-awareness-day		non-copy	FALSE	js	en-only	26				FALSE	FALSE		TRUE	assets/img/blog/world-autism-awareness-day/01.png
blog	posts	22 · world-autism-awareness-day	blog.posts[22].title	title	World Autism Awareness Day		heading	TRUE	js	en-only	26				FALSE	FALSE		TRUE	assets/img/blog/world-autism-awareness-day/01.png
blog	posts	22 · world-autism-awareness-day	blog.posts[22].date	date	2020-04-03		non-copy	FALSE	js	en-only	10				FALSE	FALSE		TRUE	assets/img/blog/world-autism-awareness-day/01.png
blog	posts	22 · world-autism-awareness-day	blog.posts[22].category	category	Notices		label	TRUE	js	en-only	7				FALSE	FALSE		TRUE	assets/img/blog/world-autism-awareness-day/01.png
blog	posts	22 · world-autism-awareness-day	blog.posts[22].excerpt	excerpt	A World Autism Awareness Day greeting to our friends, followers and everyone on the autism spectrum.		body	TRUE	js	en-only	100				FALSE	FALSE		TRUE	assets/img/blog/world-autism-awareness-day/01.png
blog	posts	22 · world-autism-awareness-day	blog.posts[22].thumbnail	thumbnail	assets/img/blog/world-autism-awareness-day/01.png		non-copy	FALSE	js	en-only	49				FALSE	FALSE		TRUE	assets/img/blog/world-autism-awareness-day/01.png
blog	posts	22	blog.posts[22].tags[0]	tags	autism		list-item	TRUE	js	en-only	6				FALSE	FALSE		FALSE	
blog	posts	22	blog.posts[22].tags[1]	tags	awareness		list-item	TRUE	js	en-only	9				FALSE	FALSE		FALSE	
blog	posts	22 · world-autism-awareness-day	blog.posts[22].localUrl	localUrl	./post-world-autism-awareness-day.html		non-copy	FALSE	js	en-only	38				FALSE	FALSE		TRUE	assets/img/blog/world-autism-awareness-day/01.png
blog	posts	23 · we-are-launching-our-e-coaching-sessions	blog.posts[23].id	id	we-are-launching-our-e-coaching-sessions		non-copy	FALSE	js	en-only	40			Session	FALSE	FALSE		TRUE	assets/img/blog/we-are-launching-our-e-coaching-sessions/01.jpg
blog	posts	23 · we-are-launching-our-e-coaching-sessions	blog.posts[23].title	title	We are launching our e-Coaching sessions!		heading	TRUE	js	en-only	41			Session	FALSE	FALSE		TRUE	assets/img/blog/we-are-launching-our-e-coaching-sessions/01.jpg
blog	posts	23 · we-are-launching-our-e-coaching-sessions	blog.posts[23].date	date	2020-04-02		non-copy	FALSE	js	en-only	10				FALSE	FALSE		TRUE	assets/img/blog/we-are-launching-our-e-coaching-sessions/01.jpg
blog	posts	23 · we-are-launching-our-e-coaching-sessions	blog.posts[23].category	category	Events		label	TRUE	js	en-only	6				FALSE	FALSE		TRUE	assets/img/blog/we-are-launching-our-e-coaching-sessions/01.jpg
blog	posts	23 · we-are-launching-our-e-coaching-sessions	blog.posts[23].excerpt	excerpt	Urbane Ethos is bringing therapy to your screens with a new e-Coaching program available in two sessions.		body	TRUE	js	en-only	105			Session	FALSE	FALSE		TRUE	assets/img/blog/we-are-launching-our-e-coaching-sessions/01.jpg
blog	posts	23 · we-are-launching-our-e-coaching-sessions	blog.posts[23].thumbnail	thumbnail	assets/img/blog/we-are-launching-our-e-coaching-sessions/01.jpg		non-copy	FALSE	js	en-only	63			Session	FALSE	FALSE		TRUE	assets/img/blog/we-are-launching-our-e-coaching-sessions/01.jpg
blog	posts	23	blog.posts[23].tags[0]	tags	e-coaching		list-item	TRUE	js	en-only	10				FALSE	FALSE		FALSE	
blog	posts	23	blog.posts[23].tags[1]	tags	home therapy		list-item	TRUE	js	en-only	12				FALSE	FALSE		FALSE	
blog	posts	23 · we-are-launching-our-e-coaching-sessions	blog.posts[23].localUrl	localUrl	./post-we-are-launching-our-e-coaching-sessions.html		non-copy	FALSE	js	en-only	52			Session	FALSE	FALSE		TRUE	assets/img/blog/we-are-launching-our-e-coaching-sessions/01.jpg
blog	posts	24 · sharing-progress	blog.posts[24].id	id	sharing-progress		non-copy	FALSE	js	en-only	16				FALSE	FALSE		FALSE	
blog	posts	24 · sharing-progress	blog.posts[24].title	title	Apraxia of Speech: Current Progress of AR!		heading	TRUE	js	en-only	42				FALSE	FALSE		FALSE	
blog	posts	24 · sharing-progress	blog.posts[24].date	date	2019-12-17		non-copy	FALSE	js	en-only	10				FALSE	FALSE		FALSE	
blog	posts	24 · sharing-progress	blog.posts[24].category	category	Notices		label	TRUE	js	en-only	7				FALSE	FALSE		FALSE	
blog	posts	24 · sharing-progress	blog.posts[24].excerpt	excerpt	A testimonial sharing the year-after-year progress of AR, a past client diagnosed with apraxia of speech, and gratitude to his devoted family.		body	TRUE	js	en-only	142			Family	FALSE	FALSE		FALSE	
blog	posts	24	blog.posts[24].tags[0]	tags	apraxia		list-item	TRUE	js	en-only	7				FALSE	FALSE		FALSE	
blog	posts	24	blog.posts[24].tags[1]	tags	speech therapy		list-item	TRUE	js	en-only	14			Speech Therapy	FALSE	FALSE		FALSE	
blog	posts	24	blog.posts[24].tags[2]	tags	testimonial		list-item	TRUE	js	en-only	11				FALSE	FALSE		FALSE	
blog	posts	24 · sharing-progress	blog.posts[24].localUrl	localUrl	./post-sharing-progress.html		non-copy	FALSE	js	en-only	28				FALSE	FALSE		FALSE	
blog	posts	25 · watching-you-bloom-and-grow	blog.posts[25].id	id	watching-you-bloom-and-grow		non-copy	FALSE	js	en-only	27				FALSE	FALSE		FALSE	
blog	posts	25 · watching-you-bloom-and-grow	blog.posts[25].title	title	Watching you bloom and grow....		heading	TRUE	js	en-only	31				FALSE	FALSE		FALSE	
blog	posts	25 · watching-you-bloom-and-grow	blog.posts[25].date	date	2019-12-16		non-copy	FALSE	js	en-only	10				FALSE	FALSE		FALSE	
blog	posts	25 · watching-you-bloom-and-grow	blog.posts[25].category	category	Notices		label	TRUE	js	en-only	7				FALSE	FALSE		FALSE	
blog	posts	25 · watching-you-bloom-and-grow	blog.posts[25].excerpt	excerpt	A heartfelt thank-you to Rafiq, celebrating how far he has come in defying the challenges of developmental delays.		body	TRUE	js	en-only	114				FALSE	FALSE		FALSE	
blog	posts	25	blog.posts[25].tags[0]	tags	testimonial		list-item	TRUE	js	en-only	11				FALSE	FALSE		FALSE	
blog	posts	25	blog.posts[25].tags[1]	tags	gratitude		list-item	TRUE	js	en-only	9				FALSE	FALSE		FALSE	
blog	posts	25 · watching-you-bloom-and-grow	blog.posts[25].localUrl	localUrl	./post-watching-you-bloom-and-grow.html		non-copy	FALSE	js	en-only	39				FALSE	FALSE		FALSE	
blog	posts	26 · eip-group-parenting-class-dec-2019	blog.posts[26].id	id	eip-group-parenting-class-dec-2019		non-copy	FALSE	js	en-only	34			Parent	FALSE	FALSE		TRUE	assets/img/blog/eip-group-parenting-class-dec-2019/01.jpg
blog	posts	26 · eip-group-parenting-class-dec-2019	blog.posts[26].title	title	EIP Group Parenting Class Dec 2019		heading	TRUE	js	en-only	34			Parent	FALSE	FALSE		TRUE	assets/img/blog/eip-group-parenting-class-dec-2019/01.jpg
blog	posts	26 · eip-group-parenting-class-dec-2019	blog.posts[26].date	date	2019-12-10		non-copy	FALSE	js	en-only	10				FALSE	FALSE		TRUE	assets/img/blog/eip-group-parenting-class-dec-2019/01.jpg
blog	posts	26 · eip-group-parenting-class-dec-2019	blog.posts[26].category	category	Events		label	TRUE	js	en-only	6				FALSE	FALSE		TRUE	assets/img/blog/eip-group-parenting-class-dec-2019/01.jpg
blog	posts	26 · eip-group-parenting-class-dec-2019	blog.posts[26].excerpt	excerpt	Parents came together at our EIP parenting class to learn about sensory integration processing and fine motor skills, and to plan home activities for their child.		body	TRUE	js	en-only	162			Child;Parent;Parents	FALSE	FALSE		TRUE	assets/img/blog/eip-group-parenting-class-dec-2019/01.jpg
blog	posts	26 · eip-group-parenting-class-dec-2019	blog.posts[26].thumbnail	thumbnail	assets/img/blog/eip-group-parenting-class-dec-2019/01.jpg		non-copy	FALSE	js	en-only	57			Parent	FALSE	FALSE		TRUE	assets/img/blog/eip-group-parenting-class-dec-2019/01.jpg
blog	posts	26	blog.posts[26].tags[0]	tags	parenting		list-item	TRUE	js	en-only	9			Parent	FALSE	FALSE		FALSE	
blog	posts	26	blog.posts[26].tags[1]	tags	eip		list-item	TRUE	js	en-only	3				FALSE	FALSE		FALSE	
blog	posts	26	blog.posts[26].tags[2]	tags	sensory integration		list-item	TRUE	js	en-only	19				FALSE	FALSE		FALSE	
blog	posts	26 · eip-group-parenting-class-dec-2019	blog.posts[26].localUrl	localUrl	./post-eip-group-parenting-class-dec-2019.html		non-copy	FALSE	js	en-only	46			Parent	FALSE	FALSE		TRUE	assets/img/blog/eip-group-parenting-class-dec-2019/01.jpg
blog	posts	27 · registrations-eip-2020-are-now-open	blog.posts[27].id	id	registrations-eip-2020-are-now-open		non-copy	FALSE	js	en-only	35				FALSE	FALSE		TRUE	assets/img/blog/registrations-eip-2020-are-now-open/01.jpg
blog	posts	27 · registrations-eip-2020-are-now-open	blog.posts[27].title	title	Registrations EIP 2020 are now open!		heading	TRUE	js	en-only	36				FALSE	FALSE		TRUE	assets/img/blog/registrations-eip-2020-are-now-open/01.jpg
blog	posts	27 · registrations-eip-2020-are-now-open	blog.posts[27].date	date	2019-12-08		non-copy	FALSE	js	en-only	10				FALSE	FALSE		TRUE	assets/img/blog/registrations-eip-2020-are-now-open/01.jpg
blog	posts	27 · registrations-eip-2020-are-now-open	blog.posts[27].category	category	Events		label	TRUE	js	en-only	6				FALSE	FALSE		TRUE	assets/img/blog/registrations-eip-2020-are-now-open/01.jpg
blog	posts	27 · registrations-eip-2020-are-now-open	blog.posts[27].excerpt	excerpt	Registrations for the 2020 Early Intervention Program, a highly individualised, therapy-based group program for children, are now open.		body	TRUE	js	en-only	135			Early Intervention;Early Intervention Program;Child;Children	FALSE	FALSE		TRUE	assets/img/blog/registrations-eip-2020-are-now-open/01.jpg
blog	posts	27 · registrations-eip-2020-are-now-open	blog.posts[27].thumbnail	thumbnail	assets/img/blog/registrations-eip-2020-are-now-open/01.jpg		non-copy	FALSE	js	en-only	58				FALSE	FALSE		TRUE	assets/img/blog/registrations-eip-2020-are-now-open/01.jpg
blog	posts	27	blog.posts[27].tags[0]	tags	eip		list-item	TRUE	js	en-only	3				FALSE	FALSE		FALSE	
blog	posts	27	blog.posts[27].tags[1]	tags	early intervention		list-item	TRUE	js	en-only	18			Early Intervention	FALSE	FALSE		FALSE	
blog	posts	27 · registrations-eip-2020-are-now-open	blog.posts[27].localUrl	localUrl	./post-registrations-eip-2020-are-now-open.html		non-copy	FALSE	js	en-only	47				FALSE	FALSE		TRUE	assets/img/blog/registrations-eip-2020-are-now-open/01.jpg
blog	posts	28 · final-2019-free-screening-for-epic-eip-state-of-selangor	blog.posts[28].id	id	final-2019-free-screening-for-epic-eip-state-of-selangor		non-copy	FALSE	js	en-only	56				FALSE	FALSE		TRUE	assets/img/blog/final-2019-free-screening-for-epic-eip-state-of-selangor/01.jpg
blog	posts	28 · final-2019-free-screening-for-epic-eip-state-of-selangor	blog.posts[28].title	title	Final 2019 Free Screening for EPIC EIP State of Selangor		heading	TRUE	js	en-only	56				FALSE	FALSE		TRUE	assets/img/blog/final-2019-free-screening-for-epic-eip-state-of-selangor/01.jpg
blog	posts	28 · final-2019-free-screening-for-epic-eip-state-of-selangor	blog.posts[28].date	date	2019-11-17		non-copy	FALSE	js	en-only	10				FALSE	FALSE		TRUE	assets/img/blog/final-2019-free-screening-for-epic-eip-state-of-selangor/01.jpg
blog	posts	28 · final-2019-free-screening-for-epic-eip-state-of-selangor	blog.posts[28].category	category	Events		label	TRUE	js	en-only	6				FALSE	FALSE		TRUE	assets/img/blog/final-2019-free-screening-for-epic-eip-state-of-selangor/01.jpg
blog	posts	28 · final-2019-free-screening-for-epic-eip-state-of-selangor	blog.posts[28].excerpt	excerpt	Urbane Ethos wraps up its 8th and final free developmental screening for Selangor, having screened over 500 children across four years of the programme.		body	TRUE	js	en-only	152			Child;Children	FALSE	FALSE		TRUE	assets/img/blog/final-2019-free-screening-for-epic-eip-state-of-selangor/01.jpg
blog	posts	28 · final-2019-free-screening-for-epic-eip-state-of-selangor	blog.posts[28].thumbnail	thumbnail	assets/img/blog/final-2019-free-screening-for-epic-eip-state-of-selangor/01.jpg		non-copy	FALSE	js	en-only	79				FALSE	FALSE		TRUE	assets/img/blog/final-2019-free-screening-for-epic-eip-state-of-selangor/01.jpg
blog	posts	28	blog.posts[28].tags[0]	tags	free screening		list-item	TRUE	js	en-only	14				FALSE	FALSE		FALSE	
blog	posts	28	blog.posts[28].tags[1]	tags	early intervention		list-item	TRUE	js	en-only	18			Early Intervention	FALSE	FALSE		FALSE	
blog	posts	28	blog.posts[28].tags[2]	tags	selangor		list-item	TRUE	js	en-only	8				FALSE	FALSE		FALSE	
blog	posts	28 · final-2019-free-screening-for-epic-eip-state-of-selangor	blog.posts[28].localUrl	localUrl	./post-final-2019-free-screening-for-epic-eip-state-of-selangor.html		non-copy	FALSE	js	en-only	68				FALSE	FALSE		TRUE	assets/img/blog/final-2019-free-screening-for-epic-eip-state-of-selangor/01.jpg
blog	posts	29 · congratulations-to-a-new-beginning	blog.posts[29].id	id	congratulations-to-a-new-beginning		non-copy	FALSE	js	en-only	34				FALSE	FALSE		TRUE	assets/img/blog/congratulations-to-a-new-beginning/01.jpg
blog	posts	29 · congratulations-to-a-new-beginning	blog.posts[29].title	title	Congratulations to a new beginning		heading	TRUE	js	en-only	34				FALSE	FALSE		TRUE	assets/img/blog/congratulations-to-a-new-beginning/01.jpg
blog	posts	29 · congratulations-to-a-new-beginning	blog.posts[29].date	date	2019-11-16		non-copy	FALSE	js	en-only	10				FALSE	FALSE		TRUE	assets/img/blog/congratulations-to-a-new-beginning/01.jpg
blog	posts	29 · congratulations-to-a-new-beginning	blog.posts[29].category	category	Notices		label	TRUE	js	en-only	7				FALSE	FALSE		TRUE	assets/img/blog/congratulations-to-a-new-beginning/01.jpg
blog	posts	29 · congratulations-to-a-new-beginning	blog.posts[29].excerpt	excerpt	A heartfelt congratulations as a few of our early-intervention kiddos prepare to head into mainstream elementary school in January 2020.		body	TRUE	js	en-only	136				FALSE	FALSE		TRUE	assets/img/blog/congratulations-to-a-new-beginning/01.jpg
blog	posts	29 · congratulations-to-a-new-beginning	blog.posts[29].thumbnail	thumbnail	assets/img/blog/congratulations-to-a-new-beginning/01.jpg		non-copy	FALSE	js	en-only	57				FALSE	FALSE		TRUE	assets/img/blog/congratulations-to-a-new-beginning/01.jpg
blog	posts	29	blog.posts[29].tags[0]	tags	milestones		list-item	TRUE	js	en-only	10				FALSE	FALSE		FALSE	
blog	posts	29	blog.posts[29].tags[1]	tags	eip		list-item	TRUE	js	en-only	3				FALSE	FALSE		FALSE	
blog	posts	29 · congratulations-to-a-new-beginning	blog.posts[29].localUrl	localUrl	./post-congratulations-to-a-new-beginning.html		non-copy	FALSE	js	en-only	46				FALSE	FALSE		TRUE	assets/img/blog/congratulations-to-a-new-beginning/01.jpg
blog	posts	30 · saturdays-at-ue	blog.posts[30].id	id	saturdays-at-ue		non-copy	FALSE	js	en-only	15			Saturday	FALSE	FALSE		TRUE	assets/img/blog/saturdays-at-ue/01.jpg
blog	posts	30 · saturdays-at-ue	blog.posts[30].title	title	Saturdays at UE		heading	TRUE	js	en-only	15			Saturday	FALSE	FALSE		TRUE	assets/img/blog/saturdays-at-ue/01.jpg
blog	posts	30 · saturdays-at-ue	blog.posts[30].date	date	2019-10-19		non-copy	FALSE	js	en-only	10				FALSE	FALSE		TRUE	assets/img/blog/saturdays-at-ue/01.jpg
blog	posts	30 · saturdays-at-ue	blog.posts[30].category	category	Events		label	TRUE	js	en-only	6				FALSE	FALSE		TRUE	assets/img/blog/saturdays-at-ue/01.jpg
blog	posts	30 · saturdays-at-ue	blog.posts[30].excerpt	excerpt	A packed Saturday at UE — a guest AAC session with a speech-language pathologist, a TV3 drama shoot collaboration, and the final 2019 Free EIP Screening sessions.		body	TRUE	js	en-only	162			Session;Saturday	FALSE	FALSE		TRUE	assets/img/blog/saturdays-at-ue/01.jpg
blog	posts	30 · saturdays-at-ue	blog.posts[30].thumbnail	thumbnail	assets/img/blog/saturdays-at-ue/01.jpg		non-copy	FALSE	js	en-only	38			Saturday	FALSE	FALSE		TRUE	assets/img/blog/saturdays-at-ue/01.jpg
blog	posts	30	blog.posts[30].tags[0]	tags	speech therapy		list-item	TRUE	js	en-only	14			Speech Therapy	FALSE	FALSE		FALSE	
blog	posts	30	blog.posts[30].tags[1]	tags	event		list-item	TRUE	js	en-only	5				FALSE	FALSE		FALSE	
blog	posts	30	blog.posts[30].tags[2]	tags	special needs		list-item	TRUE	js	en-only	13				FALSE	FALSE		FALSE	
blog	posts	30 · saturdays-at-ue	blog.posts[30].localUrl	localUrl	./post-saturdays-at-ue.html		non-copy	FALSE	js	en-only	27			Saturday	FALSE	FALSE		TRUE	assets/img/blog/saturdays-at-ue/01.jpg
blog	posts	31 · do-you-know-the-warning-signs	blog.posts[31].id	id	do-you-know-the-warning-signs		non-copy	FALSE	js	en-only	29				FALSE	FALSE		TRUE	assets/img/blog/do-you-know-the-warning-signs/01.jpg
blog	posts	31 · do-you-know-the-warning-signs	blog.posts[31].title	title	Do you know the warning signs?		heading	TRUE	js	en-only	30				FALSE	FALSE		TRUE	assets/img/blog/do-you-know-the-warning-signs/01.jpg
blog	posts	31 · do-you-know-the-warning-signs	blog.posts[31].date	date	2019-10-18		non-copy	FALSE	js	en-only	10				FALSE	FALSE		TRUE	assets/img/blog/do-you-know-the-warning-signs/01.jpg
blog	posts	31 · do-you-know-the-warning-signs	blog.posts[31].category	category	Development		label	TRUE	js	en-only	11				FALSE	FALSE		TRUE	assets/img/blog/do-you-know-the-warning-signs/01.jpg
blog	posts	31 · do-you-know-the-warning-signs	blog.posts[31].excerpt	excerpt	Know the early warning signs of developmental delay and reach out to Urbane Ethos for support.		body	TRUE	js	en-only	94				FALSE	FALSE		TRUE	assets/img/blog/do-you-know-the-warning-signs/01.jpg
blog	posts	31 · do-you-know-the-warning-signs	blog.posts[31].thumbnail	thumbnail	assets/img/blog/do-you-know-the-warning-signs/01.jpg		non-copy	FALSE	js	en-only	52				FALSE	FALSE		TRUE	assets/img/blog/do-you-know-the-warning-signs/01.jpg
blog	posts	31	blog.posts[31].tags[0]	tags	warning signs		list-item	TRUE	js	en-only	13				FALSE	FALSE		FALSE	
blog	posts	31	blog.posts[31].tags[1]	tags	early intervention		list-item	TRUE	js	en-only	18			Early Intervention	FALSE	FALSE		FALSE	
blog	posts	31 · do-you-know-the-warning-signs	blog.posts[31].localUrl	localUrl	./post-do-you-know-the-warning-signs.html		non-copy	FALSE	js	en-only	41				FALSE	FALSE		TRUE	assets/img/blog/do-you-know-the-warning-signs/01.jpg
blog	posts	32 · apa-itu-aac	blog.posts[32].id	id	apa-itu-aac		non-copy	FALSE	js	en-only	11				FALSE	FALSE		TRUE	assets/img/blog/apa-itu-aac/01.jpg
blog	posts	32 · apa-itu-aac	blog.posts[32].title	title	Apa itu AAC?		heading	TRUE	js	en-only	12				FALSE	FALSE		TRUE	assets/img/blog/apa-itu-aac/01.jpg
blog	posts	32 · apa-itu-aac	blog.posts[32].date	date	2019-10-18		non-copy	FALSE	js	en-only	10				FALSE	FALSE		TRUE	assets/img/blog/apa-itu-aac/01.jpg
blog	posts	32 · apa-itu-aac	blog.posts[32].category	category	Speech & Language		label	TRUE	js	en-only	17				FALSE	FALSE		TRUE	assets/img/blog/apa-itu-aac/01.jpg
blog	posts	32 · apa-itu-aac	blog.posts[32].excerpt	excerpt	Sesi perbincangan mengenai AAC di Urbane Ethos, Denai Alam pada 19 Oktober 2019 bersama Lauren Reyes-Yu.		body	TRUE	js	en-only	104				FALSE	FALSE		TRUE	assets/img/blog/apa-itu-aac/01.jpg
blog	posts	32 · apa-itu-aac	blog.posts[32].thumbnail	thumbnail	assets/img/blog/apa-itu-aac/01.jpg		non-copy	FALSE	js	en-only	34				FALSE	FALSE		TRUE	assets/img/blog/apa-itu-aac/01.jpg
blog	posts	32	blog.posts[32].tags[0]	tags	aac		list-item	TRUE	js	en-only	3				FALSE	FALSE		FALSE	
blog	posts	32	blog.posts[32].tags[1]	tags	speech therapy		list-item	TRUE	js	en-only	14			Speech Therapy	FALSE	FALSE		FALSE	
blog	posts	32 · apa-itu-aac	blog.posts[32].localUrl	localUrl	./post-apa-itu-aac.html		non-copy	FALSE	js	en-only	23				FALSE	FALSE		TRUE	assets/img/blog/apa-itu-aac/01.jpg
blog	posts	33 · free-screening-for-development-delays	blog.posts[33].id	id	free-screening-for-development-delays		non-copy	FALSE	js	en-only	37				FALSE	FALSE		TRUE	assets/img/blog/free-screening-for-development-delays/01.jpg
blog	posts	33 · free-screening-for-development-delays	blog.posts[33].title	title	Free Screening for Development Delays		heading	TRUE	js	en-only	37				FALSE	FALSE		TRUE	assets/img/blog/free-screening-for-development-delays/01.jpg
blog	posts	33 · free-screening-for-development-delays	blog.posts[33].date	date	2019-09-22		non-copy	FALSE	js	en-only	10				FALSE	FALSE		TRUE	assets/img/blog/free-screening-for-development-delays/01.jpg
blog	posts	33 · free-screening-for-development-delays	blog.posts[33].category	category	Events		label	TRUE	js	en-only	6				FALSE	FALSE		TRUE	assets/img/blog/free-screening-for-development-delays/01.jpg
blog	posts	33 · free-screening-for-development-delays	blog.posts[33].excerpt	excerpt	Free monthly developmental-delay screening for children aged 3 and below from lower-income Selangor families, run with MBI Selangor and Persatuan Taska Negeri Selangor.		body	TRUE	js	en-only	168			Child;Children;Families	FALSE	FALSE		TRUE	assets/img/blog/free-screening-for-development-delays/01.jpg
blog	posts	33 · free-screening-for-development-delays	blog.posts[33].thumbnail	thumbnail	assets/img/blog/free-screening-for-development-delays/01.jpg		non-copy	FALSE	js	en-only	60				FALSE	FALSE		TRUE	assets/img/blog/free-screening-for-development-delays/01.jpg
blog	posts	33	blog.posts[33].tags[0]	tags	free screening		list-item	TRUE	js	en-only	14				FALSE	FALSE		FALSE	
blog	posts	33	blog.posts[33].tags[1]	tags	developmental delays		list-item	TRUE	js	en-only	20				FALSE	FALSE		FALSE	
blog	posts	33	blog.posts[33].tags[2]	tags	events		list-item	TRUE	js	en-only	6				FALSE	FALSE		FALSE	
blog	posts	33 · free-screening-for-development-delays	blog.posts[33].localUrl	localUrl	./post-free-screening-for-development-delays.html		non-copy	FALSE	js	en-only	49				FALSE	FALSE		TRUE	assets/img/blog/free-screening-for-development-delays/01.jpg
blog	posts	34 · happy-malaysia-day	blog.posts[34].id	id	happy-malaysia-day		non-copy	FALSE	js	en-only	18				FALSE	FALSE		TRUE	assets/img/blog/happy-malaysia-day/01.jpg
blog	posts	34 · happy-malaysia-day	blog.posts[34].title	title	Happy Malaysia Day!		heading	TRUE	js	en-only	19				FALSE	FALSE		TRUE	assets/img/blog/happy-malaysia-day/01.jpg
blog	posts	34 · happy-malaysia-day	blog.posts[34].date	date	2019-09-16		non-copy	FALSE	js	en-only	10				FALSE	FALSE		TRUE	assets/img/blog/happy-malaysia-day/01.jpg
blog	posts	34 · happy-malaysia-day	blog.posts[34].category	category	Notices		label	TRUE	js	en-only	7				FALSE	FALSE		TRUE	assets/img/blog/happy-malaysia-day/01.jpg
blog	posts	34 · happy-malaysia-day	blog.posts[34].excerpt	excerpt	A Malaysia Day greeting celebrating unity and harmony, with a note that the centre is closed for the holiday and resumes on 17 September 2019.		body	TRUE	js	en-only	142			Centre;Close;Closed	FALSE	FALSE		TRUE	assets/img/blog/happy-malaysia-day/01.jpg
blog	posts	34 · happy-malaysia-day	blog.posts[34].thumbnail	thumbnail	assets/img/blog/happy-malaysia-day/01.jpg		non-copy	FALSE	js	en-only	41				FALSE	FALSE		TRUE	assets/img/blog/happy-malaysia-day/01.jpg
blog	posts	34	blog.posts[34].tags[0]	tags	malaysia day		list-item	TRUE	js	en-only	12				FALSE	FALSE		FALSE	
blog	posts	34	blog.posts[34].tags[1]	tags	holiday		list-item	TRUE	js	en-only	7				FALSE	FALSE		FALSE	
blog	posts	34 · happy-malaysia-day	blog.posts[34].localUrl	localUrl	./post-happy-malaysia-day.html		non-copy	FALSE	js	en-only	30				FALSE	FALSE		TRUE	assets/img/blog/happy-malaysia-day/01.jpg
blog	posts	35 · can-my-child-benefit-from-aac	blog.posts[35].id	id	can-my-child-benefit-from-aac		non-copy	FALSE	js	en-only	29			Child	FALSE	FALSE		TRUE	assets/img/blog/can-my-child-benefit-from-aac/01.jpg
blog	posts	35 · can-my-child-benefit-from-aac	blog.posts[35].title	title	Can My Child Benefit From AAC?		heading	TRUE	js	en-only	30			Child	FALSE	FALSE		TRUE	assets/img/blog/can-my-child-benefit-from-aac/01.jpg
blog	posts	35 · can-my-child-benefit-from-aac	blog.posts[35].date	date	2019-09-10		non-copy	FALSE	js	en-only	10				FALSE	FALSE		TRUE	assets/img/blog/can-my-child-benefit-from-aac/01.jpg
blog	posts	35 · can-my-child-benefit-from-aac	blog.posts[35].category	category	Speech & Language		label	TRUE	js	en-only	17				FALSE	FALSE		TRUE	assets/img/blog/can-my-child-benefit-from-aac/01.jpg
blog	posts	35 · can-my-child-benefit-from-aac	blog.posts[35].excerpt	excerpt	A talk with Lauren Reyes-Yu on the different communication methods available for children with communication disorders, including AAC.		body	TRUE	js	en-only	134			Child;Children	FALSE	FALSE		TRUE	assets/img/blog/can-my-child-benefit-from-aac/01.jpg
blog	posts	35 · can-my-child-benefit-from-aac	blog.posts[35].thumbnail	thumbnail	assets/img/blog/can-my-child-benefit-from-aac/01.jpg		non-copy	FALSE	js	en-only	52			Child	FALSE	FALSE		TRUE	assets/img/blog/can-my-child-benefit-from-aac/01.jpg
blog	posts	35	blog.posts[35].tags[0]	tags	aac		list-item	TRUE	js	en-only	3				FALSE	FALSE		FALSE	
blog	posts	35	blog.posts[35].tags[1]	tags	speech therapy		list-item	TRUE	js	en-only	14			Speech Therapy	FALSE	FALSE		FALSE	
blog	posts	35	blog.posts[35].tags[2]	tags	event		list-item	TRUE	js	en-only	5				FALSE	FALSE		FALSE	
blog	posts	35 · can-my-child-benefit-from-aac	blog.posts[35].localUrl	localUrl	./post-can-my-child-benefit-from-aac.html		non-copy	FALSE	js	en-only	41			Child	FALSE	FALSE		TRUE	assets/img/blog/can-my-child-benefit-from-aac/01.jpg
blog	posts	36 · happy-merdeka-day	blog.posts[36].id	id	happy-merdeka-day		non-copy	FALSE	js	en-only	17				FALSE	FALSE		TRUE	assets/img/blog/happy-merdeka-day/01.jpg
blog	posts	36 · happy-merdeka-day	blog.posts[36].title	title	Happy Merdeka Day!		heading	TRUE	js	en-only	18				FALSE	FALSE		TRUE	assets/img/blog/happy-merdeka-day/01.jpg
blog	posts	36 · happy-merdeka-day	blog.posts[36].date	date	2019-09-02		non-copy	FALSE	js	en-only	10				FALSE	FALSE		TRUE	assets/img/blog/happy-merdeka-day/01.jpg
blog	posts	36 · happy-merdeka-day	blog.posts[36].category	category	Notices		label	TRUE	js	en-only	7				FALSE	FALSE		TRUE	assets/img/blog/happy-merdeka-day/01.jpg
blog	posts	36 · happy-merdeka-day	blog.posts[36].excerpt	excerpt	A Merdeka Day greeting to all Malaysians, with a reminder that UE Center will be closed for the celebrations.		body	TRUE	js	en-only	109			Center;Close;Closed	FALSE	FALSE		TRUE	assets/img/blog/happy-merdeka-day/01.jpg
blog	posts	36 · happy-merdeka-day	blog.posts[36].thumbnail	thumbnail	assets/img/blog/happy-merdeka-day/01.jpg		non-copy	FALSE	js	en-only	40				FALSE	FALSE		TRUE	assets/img/blog/happy-merdeka-day/01.jpg
blog	posts	36	blog.posts[36].tags[0]	tags	merdeka		list-item	TRUE	js	en-only	7				FALSE	FALSE		FALSE	
blog	posts	36	blog.posts[36].tags[1]	tags	holiday		list-item	TRUE	js	en-only	7				FALSE	FALSE		FALSE	
blog	posts	36 · happy-merdeka-day	blog.posts[36].localUrl	localUrl	./post-happy-merdeka-day.html		non-copy	FALSE	js	en-only	29				FALSE	FALSE		TRUE	assets/img/blog/happy-merdeka-day/01.jpg
blog	posts	37 · selamat-hari-raya	blog.posts[37].id	id	selamat-hari-raya		non-copy	FALSE	js	en-only	17				FALSE	FALSE		TRUE	assets/img/blog/selamat-hari-raya/01.jpg
blog	posts	37 · selamat-hari-raya	blog.posts[37].title	title	Selamat Hari Raya!		heading	TRUE	js	en-only	18				FALSE	FALSE		TRUE	assets/img/blog/selamat-hari-raya/01.jpg
blog	posts	37 · selamat-hari-raya	blog.posts[37].date	date	2019-06-09		non-copy	FALSE	js	en-only	10				FALSE	FALSE		TRUE	assets/img/blog/selamat-hari-raya/01.jpg
blog	posts	37 · selamat-hari-raya	blog.posts[37].category	category	Notices		label	TRUE	js	en-only	7				FALSE	FALSE		TRUE	assets/img/blog/selamat-hari-raya/01.jpg
blog	posts	37 · selamat-hari-raya	blog.posts[37].excerpt	excerpt	A festive Selamat Hari Raya greeting from the Urbane Ethos team, wishing everyone a blessed retreat with loved ones and a safe journey home.		body	TRUE	js	en-only	140			Team	FALSE	FALSE		TRUE	assets/img/blog/selamat-hari-raya/01.jpg
blog	posts	37 · selamat-hari-raya	blog.posts[37].thumbnail	thumbnail	assets/img/blog/selamat-hari-raya/01.jpg		non-copy	FALSE	js	en-only	40				FALSE	FALSE		TRUE	assets/img/blog/selamat-hari-raya/01.jpg
blog	posts	37	blog.posts[37].tags[0]	tags	hari raya		list-item	TRUE	js	en-only	9				FALSE	FALSE		FALSE	
blog	posts	37	blog.posts[37].tags[1]	tags	holiday		list-item	TRUE	js	en-only	7				FALSE	FALSE		FALSE	
blog	posts	37	blog.posts[37].tags[2]	tags	notice		list-item	TRUE	js	en-only	6				FALSE	FALSE		FALSE	
blog	posts	37 · selamat-hari-raya	blog.posts[37].localUrl	localUrl	./post-selamat-hari-raya.html		non-copy	FALSE	js	en-only	29				FALSE	FALSE		TRUE	assets/img/blog/selamat-hari-raya/01.jpg
blog	featured		blog.featured[0]	featured	anak-dah-masuk-sekolah		list-item	TRUE	unresolved	en-only	22				FALSE	FALSE		FALSE	
blog	featured		blog.featured[1]	featured	a-fulfilling-career-awaits		list-item	TRUE	unresolved	en-only	26				FALSE	FALSE		FALSE	
blog	featured		blog.featured[2]	featured	what-does-sensory-have-to-do-with-my-feelings		list-item	TRUE	unresolved	en-only	45				FALSE	FALSE		FALSE	
post-year-end-promo	cta		common.cta.backToBlog	backToBlog	Back to the blog	Kembali ke blog	microcopy	TRUE	static	translated	16	15	0.94		FALSE	FALSE		FALSE	
contact	media		common.media.playButton	playButton	Play video	Mainkan video	microcopy	TRUE	static	translated	10	13	1.30		TRUE	FALSE		TRUE	yt:PLACEHOLDER_CENTRE_TOUR
contact	media		common.media.captions.contactReception	contactReception	Say hello at reception.	Sapa kami di kaunter penyambut tetamu.	microcopy	TRUE	static	translated	23	38	1.65		TRUE	FALSE		TRUE	yt:PLACEHOLDER_CENTRE_TOUR
contact	media		common.media.captions.ytCentreTour	ytCentreTour	A look around our centre.	Lihat sekitar pusat kami.	microcopy	TRUE	static	translated	25	25	1.00	Centre	TRUE	FALSE		TRUE	yt:PLACEHOLDER_CENTRE_TOUR
contact	media		common.media.alts.contactReception	contactReception	Three team members at the Urbane Ethos reception counter	Tiga ahli pasukan di kaunter penyambut tetamu Urbane Ethos	alt-text	TRUE	static	translated	56	58	1.04	Team	TRUE	FALSE		TRUE	yt:PLACEHOLDER_CENTRE_TOUR
contact	media		common.media.alts.centreTour	centreTour	A child on the platform swing in the sensory room, facing the painted underwater mural	Seorang kanak-kanak di atas buaian platform dalam bilik sensori, menghadap mural bawah laut yang dilukis	alt-text	TRUE	static	translated	86	104	1.21	Child	TRUE	FALSE		TRUE	yt:PLACEHOLDER_CENTRE_TOUR
contact	meta		contact.meta.docTitle	docTitle	Contact — Urbane Ethos	Hubungi Kami — Urbane Ethos	microcopy	TRUE	static	translated	22	27	1.23		FALSE	FALSE		FALSE	
contact	hero		contact.hero.title	title	Get in touch	Hubungi kami	heading	TRUE	static	translated	12	12	1.00	Get in touch	FALSE	FALSE		FALSE	
contact	hero		contact.hero.subtitle	subtitle	Send us a message, chat with us, or drop by the centre.	Hantar mesej kepada kami, bersembang dengan kami, atau kunjungi pusat kami.	body	TRUE	static	translated	55	75	1.36	Centre;Send	TRUE	FALSE		FALSE	
contact	address		contact.address.heading	heading	Our centre	Pusat kami	heading	TRUE	static	translated	10	10	1.00	Centre	FALSE	FALSE		TRUE	yt:PLACEHOLDER_CENTRE_TOUR
contact	address		contact.address.line1	line1	No. 4, Jalan Elektron E U16/E, Seksyen U16	No. 4, Jalan Elektron E U16/E, Seksyen U16	microcopy	TRUE	static	identical	42	42	1.00		FALSE	FALSE		TRUE	yt:PLACEHOLDER_CENTRE_TOUR
contact	address		contact.address.line2	line2	E-Boulevard, Denai Alam, 40160 Shah Alam, Selangor	E-Boulevard, Denai Alam, 40160 Shah Alam, Selangor	microcopy	TRUE	static	identical	50	50	1.00		FALSE	FALSE		TRUE	yt:PLACEHOLDER_CENTRE_TOUR
contact	email		contact.email	email	urbaneethos@yahoo.com	urbaneethos@yahoo.com	microcopy	TRUE	static	identical	21	21	1.00		FALSE	FALSE		TRUE	yt:PLACEHOLDER_CENTRE_TOUR
contact	phones	0	contact.phones[0].label	label	Reception	Penyambut tetamu	label	TRUE	unresolved	translated	9	16	1.78		FALSE	FALSE		FALSE	
contact	phones	0	contact.phones[0].number	number	+603-7734 3044	+603-7734 3044	microcopy	TRUE	unresolved	identical	14	14	1.00		FALSE	FALSE		FALSE	
contact	phones	1	contact.phones[1].label	label	WhatsApp	WhatsApp	label	TRUE	unresolved	identical	8	8	1.00		FALSE	FALSE		FALSE	
contact	phones	1	contact.phones[1].number	number	+6013-249 0069	+6013-249 0069	microcopy	TRUE	unresolved	identical	14	14	1.00		FALSE	FALSE		FALSE	
contact	hours		contact.hours[0]	hours	Monday: 12PM – 5PM	Isnin: 12PM – 5PM	list-item	TRUE	unresolved	translated	18	17	0.94	Monday	FALSE	FALSE		FALSE	
contact	hours		contact.hours[1]	hours	Tuesday – Saturday: 9AM – 6PM	Selasa – Sabtu: 9AM – 6PM	list-item	TRUE	unresolved	translated	29	25	0.86	Tuesday;Saturday	FALSE	FALSE		FALSE	
contact	hours		contact.hours[2]	hours	Closed Sunday & Public Holidays	Tutup pada hari Ahad & Cuti Umum	list-item	TRUE	unresolved	translated	31	32	1.03	Close;Sunday;Public Holidays;Closed	FALSE	FALSE		FALSE	
contact	form		contact.form.heading	heading	Send us a message	Hantar mesej kepada kami	heading	TRUE	static	translated	17	24	1.41	Send	FALSE	FALSE		TRUE	yt:PLACEHOLDER_CENTRE_TOUR
contact	form		contact.form.subheading	subheading	Or chat with us live — bottom right.	Atau bersembang dengan kami secara langsung — di bahagian kanan bawah.	body	TRUE	static	translated	36	70	1.94		FALSE	FALSE		TRUE	yt:PLACEHOLDER_CENTRE_TOUR
contact	form		contact.form.fields.nameLabel	nameLabel	Your name	Nama anda	microcopy	TRUE	static	translated	9	9	1.00		FALSE	FALSE		TRUE	yt:PLACEHOLDER_CENTRE_TOUR
contact	form		contact.form.fields.emailLabel	emailLabel	Email	Emel	microcopy	TRUE	static	translated	5	4	0.80		FALSE	FALSE		TRUE	yt:PLACEHOLDER_CENTRE_TOUR
contact	form		contact.form.fields.phoneLabel	phoneLabel	Phone (optional)	Telefon (pilihan)	microcopy	TRUE	static	translated	16	17	1.06		FALSE	FALSE		TRUE	yt:PLACEHOLDER_CENTRE_TOUR
contact	form		contact.form.fields.serviceLabel	serviceLabel	What is this about? (Optional)	Berkenaan apa? (Pilihan)	microcopy	TRUE	static	translated	30	24	0.80		TRUE	FALSE		TRUE	yt:PLACEHOLDER_CENTRE_TOUR
contact	form		contact.form.fields.serviceAny	serviceAny	Not sure yet	Belum pasti	microcopy	TRUE	static	translated	12	11	0.92	Not sure	TRUE	FALSE		TRUE	yt:PLACEHOLDER_CENTRE_TOUR
contact	form		contact.form.fields.concernLabel	concernLabel	What's on your mind?	Apa yang ada di fikiran anda?	label	TRUE	static	translated	20	29	1.45		FALSE	FALSE		TRUE	yt:PLACEHOLDER_CENTRE_TOUR
contact	form		contact.form.fields.tellUsMoreLabel	tellUsMoreLabel	Anything else we should know? (Optional)	Ada yang lain kami patut tahu? (Pilihan)	microcopy	TRUE	static	translated	40	40	1.00		TRUE	FALSE		TRUE	yt:PLACEHOLDER_CENTRE_TOUR
contact	form		contact.form.fields.submit	submit	Send	Hantar	cta	TRUE	static	translated	4	6	1.50	Send	FALSE	FALSE		TRUE	yt:PLACEHOLDER_CENTRE_TOUR
contact	form		contact.form.fields.namePlaceholder	namePlaceholder	First and last name	Nama pertama dan terakhir	microcopy	TRUE	static	translated	19	25	1.32		FALSE	FALSE		TRUE	yt:PLACEHOLDER_CENTRE_TOUR
contact	form		contact.form.fields.emailPlaceholder	emailPlaceholder	you@example.com	anda@contoh.com	microcopy	TRUE	static	translated	15	15	1.00		FALSE	FALSE		TRUE	yt:PLACEHOLDER_CENTRE_TOUR
contact	form		contact.form.fields.phonePlaceholder	phonePlaceholder	Optional — for callbacks	Pilihan — untuk panggilan balik	microcopy	TRUE	static	translated	24	31	1.29		FALSE	FALSE		TRUE	yt:PLACEHOLDER_CENTRE_TOUR
contact	form		contact.form.fields.concernPlaceholder	concernPlaceholder	Tell us a little about your child	Ceritakan sedikit tentang anak anda	microcopy	TRUE	static	translated	33	35	1.06	Child	FALSE	FALSE		TRUE	yt:PLACEHOLDER_CENTRE_TOUR
contact	form		contact.form.fields.tellUsMorePlaceholder	tellUsMorePlaceholder	Your child's age, any diagnosis, what's prompting your enquiry — whatever helps us prepare.	Umur anak anda, sebarang diagnosis, apa yang mendorong pertanyaan anda — apa-apa yang membantu kami bersedia.	microcopy	TRUE	static	translated	91	109	1.20	Child	TRUE	FALSE		TRUE	yt:PLACEHOLDER_CENTRE_TOUR
contact	form		contact.form.successNote	successNote	Nothing is sent yet — next you'll choose how to reach us: WhatsApp, email, or copy the message.	Belum dihantar — seterusnya anda pilih cara menghubungi kami: WhatsApp, emel, atau salin mesej.	microcopy	TRUE	static	translated	95	95	1.00		TRUE	FALSE		TRUE	yt:PLACEHOLDER_CENTRE_TOUR
contact	form		contact.form.success.heading	heading	Thanks, {name}	Terima kasih, {name}	heading	TRUE	unresolved	translated	14	20	1.43		TRUE	FALSE		FALSE	
contact	form		contact.form.success.body	body	Your enquiry about {service} is ready to send.	Pertanyaan anda tentang {service} sedia untuk dihantar.	body	TRUE	unresolved	translated	46	55	1.20	Send	TRUE	FALSE		FALSE	
contact	form		contact.form.success.bodyNoService	bodyNoService	Your enquiry is ready to send.	Pertanyaan anda sedia untuk dihantar.	microcopy	TRUE	unresolved	translated	30	37	1.23	Send	TRUE	FALSE		FALSE	
contact	form		contact.form.success.whatsapp	whatsapp	Continue on WhatsApp	Teruskan di WhatsApp	microcopy	TRUE	unresolved	translated	20	20	1.00		TRUE	FALSE		FALSE	
contact	form		contact.form.success.email	email	Send by email instead	Hantar melalui emel sebaliknya	microcopy	TRUE	unresolved	translated	21	30	1.43	Send	TRUE	FALSE		FALSE	
contact	form		contact.form.success.copy	copy	Copy message	Salin mesej	microcopy	TRUE	unresolved	translated	12	11	0.92		TRUE	FALSE		FALSE	
contact	form		contact.form.success.copied	copied	Copied.	Telah disalin.	microcopy	TRUE	unresolved	translated	7	14	2.00		TRUE	FALSE		FALSE	
contact	form		contact.form.success.unavailable	unavailable	We couldn't load our contact details. Copy your message and send it to us.	Kami tidak dapat memuatkan butiran hubungan kami. Salin mesej anda dan hantarkannya kepada kami.	microcopy	TRUE	unresolved	translated	74	96	1.30	Send	TRUE	FALSE		FALSE	
contact	form		contact.form.prefill.notice	notice	We've filled some of this in from your earlier answers	Kami telah mengisi sebahagiannya daripada jawapan anda sebelum ini	microcopy	TRUE	unresolved	translated	54	66	1.22		TRUE	FALSE		FALSE	
contact	form		contact.form.prefill.clear	clear	Clear	Kosongkan	microcopy	TRUE	unresolved	translated	5	9	1.80		TRUE	FALSE		FALSE	
contact	form		contact.form.errors.nameRequired	nameRequired	Please enter your name.	Sila masukkan nama anda.	microcopy	TRUE	static	translated	23	24	1.04		FALSE	FALSE		TRUE	yt:PLACEHOLDER_CENTRE_TOUR
contact	form		contact.form.errors.emailRequired	emailRequired	We need an email to reply to.	Kami perlukan emel untuk membalas.	microcopy	TRUE	static	translated	29	34	1.17		FALSE	FALSE		TRUE	yt:PLACEHOLDER_CENTRE_TOUR
contact	form		contact.form.errors.emailInvalid	emailInvalid	That email doesn't look right.	Emel itu nampaknya tidak betul.	microcopy	TRUE	unresolved	translated	30	31	1.03		FALSE	FALSE		FALSE	
contact	form		contact.form.errors.concernRequired	concernRequired	Please tell us what we can help with.	Sila beritahu kami apa yang boleh kami bantu.	microcopy	TRUE	static	translated	37	45	1.22		FALSE	FALSE		TRUE	yt:PLACEHOLDER_CENTRE_TOUR
contact	chatbotCta		contact.chatbotCta.heading	heading	Prefer to chat?	Lebih suka bersembang?	heading	TRUE	static	translated	15	22	1.47		FALSE	FALSE		FALSE	
contact	chatbotCta		contact.chatbotCta.body	body	Our assistant can give you a price indication in a minute or two.	Pembantu kami boleh memberikan anggaran harga dalam masa satu atau dua minit.	body	TRUE	static	translated	65	77	1.18		FALSE	FALSE		FALSE	
contact	chatbotCta		contact.chatbotCta.button	button	Chat with us	Bersembang dengan kami	microcopy	TRUE	static	translated	12	22	1.83		FALSE	FALSE		FALSE	
careers	hero		careers.hero.title	title	Careers		heading	TRUE	unresolved	en-only	7				FALSE	FALSE		FALSE	
careers	hero		careers.hero.subtitle	subtitle	⟪PLACEHOLDER⟫ Lorem ipsum dolor sit amet, consectetur adipiscing elit, sed do eiusmod tempor incididunt ut labore et dolore magna aliqua.		body	TRUE	unresolved	en-only	137				FALSE	TRUE		FALSE	
careers	benefits		careers.benefits.heading	heading	Benefits		heading	TRUE	unresolved	en-only	8				FALSE	FALSE		FALSE	
careers	benefits	0 · Comprehensive Mental Health Coverage	careers.benefits.items[0].title	title	Comprehensive Mental Health Coverage		heading	TRUE	unresolved	en-only	36				FALSE	FALSE		FALSE	
careers	benefits	0 · Comprehensive Mental Health Coverage	careers.benefits.items[0].body	body	Including medical insurance and mental health support.		body	TRUE	unresolved	en-only	54				FALSE	FALSE		FALSE	
careers	benefits	1 · Professional Development	careers.benefits.items[1].title	title	Professional Development		heading	TRUE	unresolved	en-only	24				FALSE	FALSE		FALSE	
careers	benefits	1 · Professional Development	careers.benefits.items[1].body	body	Access to training programs, workshops, and conferences to enhance skills.		body	TRUE	unresolved	en-only	74				FALSE	FALSE		FALSE	
careers	benefits	2 · Work-life Balance	careers.benefits.items[2].title	title	Work-life Balance		heading	TRUE	unresolved	en-only	17				FALSE	FALSE		FALSE	
careers	benefits	2 · Work-life Balance	careers.benefits.items[2].body	body	More than 12 annual leave days per year, sick leave, and overtime is discouraged.		body	TRUE	unresolved	en-only	81				FALSE	FALSE		FALSE	
careers	benefits	3 · Supportive Work Environment	careers.benefits.items[3].title	title	Supportive Work Environment		heading	TRUE	unresolved	en-only	27				FALSE	FALSE		FALSE	
careers	benefits	3 · Supportive Work Environment	careers.benefits.items[3].body	body	A collaborative and respectful workplace culture that values each team member's contributions.		body	TRUE	unresolved	en-only	94			Team	FALSE	FALSE		FALSE	
careers	culture		careers.culture.heading	heading	Life at the centre		heading	TRUE	unresolved	en-only	18			Centre	FALSE	FALSE		FALSE	
careers	culture	0	careers.culture.items[0].src	src	assets/img/culture/team-heart.jpg		non-copy	FALSE	unresolved	en-only	33			Team	FALSE	FALSE		TRUE	assets/img/culture/team-heart.jpg
careers	culture	0	careers.culture.items[0].alt	alt	The team making heart shapes with their hands in the therapy room		microcopy	TRUE	unresolved	en-only	65			Team	FALSE	FALSE		TRUE	assets/img/culture/team-heart.jpg
careers	culture	0	careers.culture.items[0].caption	caption	The team, in the therapy room.		microcopy	TRUE	unresolved	en-only	30			Team	FALSE	FALSE		TRUE	assets/img/culture/team-heart.jpg
careers	culture	1	careers.culture.items[1].src	src	assets/img/culture/team-birthday.jpg		non-copy	FALSE	unresolved	en-only	36			Team	FALSE	FALSE		TRUE	assets/img/culture/team-birthday.jpg
careers	culture	1	careers.culture.items[1].alt	alt	Staff gathered around a table for a birthday celebration		microcopy	TRUE	unresolved	en-only	56			Staff	FALSE	FALSE		TRUE	assets/img/culture/team-birthday.jpg
careers	culture	1	careers.culture.items[1].caption	caption	Birthdays at the centre.		microcopy	TRUE	unresolved	en-only	24			Centre	FALSE	FALSE		TRUE	assets/img/culture/team-birthday.jpg
careers	culture	2	careers.culture.items[2].src	src	assets/img/culture/team-festive.jpg		non-copy	FALSE	unresolved	en-only	35			Team	FALSE	FALSE		TRUE	assets/img/culture/team-festive.jpg
careers	culture	2	careers.culture.items[2].alt	alt	Staff at the reception counter during a festive celebration		microcopy	TRUE	unresolved	en-only	59			Staff	FALSE	FALSE		TRUE	assets/img/culture/team-festive.jpg
careers	culture	2	careers.culture.items[2].caption	caption	Festive season at reception.		microcopy	TRUE	unresolved	en-only	28				FALSE	FALSE		TRUE	assets/img/culture/team-festive.jpg
careers	culture	3	careers.culture.items[3].src	src	assets/img/culture/community-eip.jpg		non-copy	FALSE	unresolved	en-only	36				FALSE	FALSE		TRUE	assets/img/culture/community-eip.jpg
careers	culture	3	careers.culture.items[3].alt	alt	A large audience at an Urbane Ethos early-intervention awareness talk		microcopy	TRUE	unresolved	en-only	69				FALSE	FALSE		TRUE	assets/img/culture/community-eip.jpg
careers	culture	3	careers.culture.items[3].caption	caption	An early-intervention awareness talk.		microcopy	TRUE	unresolved	en-only	37				FALSE	FALSE		TRUE	assets/img/culture/community-eip.jpg
careers	outro		careers.outro.heading	heading	How to apply		heading	TRUE	unresolved	en-only	12				FALSE	FALSE		FALSE	
careers	outro		careers.outro.body	body	⟪PLACEHOLDER⟫ Lorem ipsum dolor sit amet, consectetur adipiscing elit, sed do eiusmod tempor incididunt ut labore et dolore magna aliqua.		body	TRUE	unresolved	en-only	137				FALSE	TRUE		FALSE	
careers	outro		careers.outro.cta	cta	Contact us		cta	TRUE	unresolved	en-only	10			Contact us	FALSE	FALSE		FALSE	
careers	outro		careers.outro.email	email	urbaneethos@yahoo.com		microcopy	TRUE	unresolved	en-only	21				FALSE	FALSE		FALSE	
privacy	header		privacy.header.title	title	Privacy notice	Notis Privasi	legal	TRUE	static	translated	14	13	0.93	Privacy notice	FALSE	FALSE		FALSE	
privacy	header		privacy.header.lastUpdated	lastUpdated	Last updated: 27 July 2026	Kemas kini terakhir: 27 Julai 2026	legal	TRUE	static	translated	26	34	1.31		FALSE	FALSE		FALSE	
privacy	header		privacy.header.disclaimer	disclaimer	Prototype-grade notice. Must be reviewed by Malaysian counsel before production launch.	Notis tahap prototaip. Mesti disemak oleh peguam Malaysia sebelum dilancarkan ke produksi.	legal	TRUE	static	translated	87	90	1.03		FALSE	FALSE		FALSE	
privacy	sections	0	privacy.sections[0].heading	heading	Who we are	Siapa kami	legal	TRUE	unresolved	translated	10	10	1.00		FALSE	FALSE		FALSE	
privacy	sections	0	privacy.sections[0].body	body	Urbane Ethos Early Intervention Center, No. 4, Jalan Elektron E U16/E, Seksyen U16, E-Boulevard, Denai Alam, 40160 Shah Alam, Selangor. Contact: +603-7734 3044 · urbaneethos@yahoo.com.	Pusat Intervensi Awal Urbane Ethos, No. 4, Jalan Elektron E U16/E, Seksyen U16, E-Boulevard, Denai Alam, 40160 Shah Alam, Selangor. Hubungi: +603-7734 3044 · urbaneethos@yahoo.com.	legal	TRUE	unresolved	translated	184	180	0.98	Early Intervention;Urbane Ethos Early Intervention Center;Center	FALSE	FALSE		FALSE	
privacy	sections	1	privacy.sections[1].heading	heading	Data we collect	Data yang kami kumpul	legal	TRUE	unresolved	translated	15	21	1.40		FALSE	FALSE		FALSE	
privacy	sections	1	privacy.sections[1].body	body	We collect only what you choose to give us. When you contact us — through the enquiry form, email, phone, WhatsApp, or the chat assistant — we receive your name, contact details, and whatever you tell us about the person who needs support. If you book or attend a session, we also keep the records needed to provide care, such as assessment notes, session history, and the age or developmental information you share. When you browse this website we store small preferences on your device (language, text size, cookie choices, and — only if you opt in — personalisation answers and chat history); see "Cookies &amp; storage" below.	Kami hanya mengumpul apa yang anda pilih untuk berikan kepada kami. Apabila anda menghubungi kami — melalui borang pertanyaan, e-mel, telefon, WhatsApp, atau pembantu sembang — kami menerima nama anda, butiran hubungan, dan apa sahaja yang anda beritahu kami tentang individu yang memerlukan sokongan. Jika anda menempah atau menghadiri sesi, kami juga menyimpan rekod yang diperlukan untuk menyediakan penjagaan, seperti nota penilaian, sejarah sesi, dan maklumat umur atau perkembangan yang anda kongsi. Apabila anda melayari laman web ini, kami menyimpan sedikit keutamaan pada peranti anda (bahasa, saiz teks, pilihan kuki, dan — hanya jika anda memilih untuk menyertai — jawapan pemperibadian dan sejarah sembang); lihat "Kuki &amp; storan" di bawah.	legal	TRUE	unresolved	translated	630	755	1.20	Session;Contact us;Cookies;Chat history;Text size	FALSE	FALSE		FALSE	
privacy	sections	2	privacy.sections[2].heading	heading	Why we collect it	Mengapa kami mengumpulnya	legal	TRUE	unresolved	translated	17	25	1.47		FALSE	FALSE		FALSE	
privacy	sections	2	privacy.sections[2].body	body	We use your information to respond to your enquiry, arrange and deliver therapy and early-intervention services, keep proper clinical and administrative records, and — where you have agreed — to personalise what you see on this site. We do not sell your personal data, and we do not use it for advertising.	Kami menggunakan maklumat anda untuk membalas pertanyaan anda, mengatur dan menyampaikan perkhidmatan terapi dan Intervensi Awal, menyimpan rekod klinikal dan pentadbiran yang sewajarnya, dan — apabila anda telah bersetuju — untuk memperibadikan apa yang anda lihat di laman ini. Kami tidak menjual data peribadi anda, dan kami tidak menggunakannya untuk pengiklanan.	legal	TRUE	unresolved	translated	306	367	1.20		FALSE	FALSE		FALSE	
privacy	sections	3	privacy.sections[3].heading	heading	Sensitive personal data	Data peribadi sensitif	legal	TRUE	unresolved	translated	23	22	0.96	Sensitive personal data	FALSE	FALSE		FALSE	
privacy	sections	3	privacy.sections[3].body	body	Early-intervention work often involves sensitive personal data, including information about a child's health, development, and diagnoses. Under Malaysia's Personal Data Protection Act 2010 (PDPA) we treat this information with extra care and process it only with your explicit consent, or where the law otherwise permits. Where the data concerns a child, consent is given by the parent or legal guardian.	Kerja Intervensi Awal seringkali melibatkan data peribadi sensitif, termasuk maklumat tentang kesihatan, perkembangan, dan diagnosis seseorang anak. Di bawah Akta Perlindungan Data Peribadi 2010 (APDP) Malaysia, kami mengendalikan maklumat ini dengan penjagaan tambahan dan memprosesnya hanya dengan persetujuan jelas anda, atau di mana undang-undang membenarkannya. Apabila data melibatkan seseorang anak, persetujuan diberikan oleh ibu bapa atau penjaga yang sah.	legal	TRUE	unresolved	translated	404	465	1.15	Child;Parent;Personal Data Protection Act;PDPA;Sensitive personal data;Consent	FALSE	FALSE		FALSE	
privacy	sections	4	privacy.sections[4].heading	heading	Retention	Pengekalan	legal	TRUE	unresolved	translated	9	10	1.11		FALSE	FALSE		FALSE	
privacy	sections	4	privacy.sections[4].body	body	We keep personal data only for as long as we need it for the purposes above, or as required by Malaysian law and professional record-keeping standards. Clinical records are retained for the period appropriate to continuing care; enquiry messages that do not lead to services are kept for a shorter period and then deleted. Preferences stored on your device remain until you clear them or withdraw consent.	Kami menyimpan data peribadi hanya selagi kami memerlukannya untuk tujuan di atas, atau seperti yang dikehendaki oleh undang-undang Malaysia dan piawaian penyimpanan rekod profesional. Rekod klinikal disimpan untuk tempoh yang sesuai bagi penjagaan berterusan; mesej pertanyaan yang tidak membawa kepada perkhidmatan disimpan untuk tempoh yang lebih singkat dan kemudian dipadamkan. Keutamaan yang disimpan pada peranti anda kekal sehingga anda mengosongkannya atau menarik balik persetujuan.	legal	TRUE	unresolved	translated	405	492	1.21	Consent	FALSE	FALSE		FALSE	
privacy	sections	5	privacy.sections[5].heading	heading	Third parties	Pihak ketiga	legal	TRUE	unresolved	translated	13	12	0.92		FALSE	FALSE		FALSE	
privacy	sections	5	privacy.sections[5].body	body	We share personal data only where necessary — for example with the therapists and staff involved in your care, or where we are legally required to do so. This website also uses a small number of third-party services: an embedded Google Map (loaded only when you choose to open it) and click-to-play YouTube videos served through youtube-nocookie.com. When you load these, your request goes to Google, which handles it under its own <a href="https://policies.google.com/privacy" target="_blank" rel="noopener noreferrer">privacy policy</a>. We do not run third-party advertising or analytics trackers on this site.	Kami berkongsi data peribadi hanya apabila perlu — sebagai contoh dengan ahli terapi dan kakitangan yang terlibat dalam penjagaan anda, atau apabila kami dikehendaki berbuat demikian di sisi undang-undang. Laman web ini juga menggunakan sebilangan kecil perkhidmatan pihak ketiga: Peta Google terbenam (dimuatkan hanya apabila anda memilih untuk membukanya) dan video YouTube klik-untuk-main yang disampaikan melalui youtube-nocookie.com. Apabila anda memuatkan ini, permintaan anda pergi ke Google, yang mengendalikannya di bawah <a href="https://policies.google.com/privacy" target="_blank" rel="noopener noreferrer">dasar privasinya</a> sendiri. Kami tidak menjalankan penjejak pengiklanan atau analitik pihak ketiga di laman ini.	legal	TRUE	unresolved	translated	613	733	1.20	Staff;Necessary;Analytics	FALSE	FALSE		FALSE	
privacy	sections	6	privacy.sections[6].heading	heading	Your rights	Hak anda	legal	TRUE	unresolved	translated	11	8	0.73		FALSE	FALSE		FALSE	
privacy	sections	6	privacy.sections[6].body	body	Under the PDPA you have the right to ask what personal data we hold about you, to correct it if it is inaccurate, to withdraw your consent, and to limit how we use it. To exercise any of these rights, contact us using the details in "Who we are" above and we will respond within a reasonable time. You can learn more about your rights from the <a href="https://www.pdp.gov.my/" target="_blank" rel="noopener noreferrer">Department of Personal Data Protection (JPDP)</a>.	Di bawah APDP, anda mempunyai hak untuk bertanya data peribadi apa yang kami simpan tentang anda, untuk membetulkannya jika ia tidak tepat, untuk menarik balik persetujuan anda, dan untuk mengehadkan cara kami menggunakannya. Untuk melaksanakan mana-mana hak ini, hubungi kami menggunakan butiran dalam "Siapa kami" di atas dan kami akan membalas dalam tempoh yang munasabah. Anda boleh mengetahui lebih lanjut tentang hak anda daripada <a href="https://www.pdp.gov.my/" target="_blank" rel="noopener noreferrer">Jabatan Perlindungan Data Peribadi (JPDP)</a>.	legal	TRUE	unresolved	translated	470	559	1.19	Contact us;PDPA;Consent	FALSE	FALSE		FALSE	
privacy	sections	7	privacy.sections[7].heading	heading	Withdrawing consent	Menarik balik persetujuan	legal	TRUE	unresolved	translated	19	25	1.32	Consent	FALSE	FALSE		FALSE	
privacy	sections	7	privacy.sections[7].body	body	You may withdraw your consent at any time. For services, contact us and we will stop the relevant processing, though this may affect our ability to continue providing care. For this website, use the "Manage cookies" link in the footer to change or withdraw your cookie choices; clearing your browser storage removes the preferences saved on your device.	Anda boleh menarik balik persetujuan anda pada bila-bila masa. Bagi perkhidmatan, hubungi kami dan kami akan menghentikan pemprosesan yang berkaitan, walaupun ini mungkin menjejaskan keupayaan kami untuk terus menyediakan penjagaan. Bagi laman web ini, gunakan pautan "Urus kuki" di bahagian bawah untuk menukar atau menarik balik pilihan kuki anda; mengosongkan storan pelayar anda akan mengeluarkan keutamaan yang disimpan pada peranti anda.	legal	TRUE	unresolved	translated	353	443	1.25	Contact us;Consent;Cookies;Manage cookies	FALSE	FALSE		FALSE	
privacy	sections	8	privacy.sections[8].heading	heading	Cookies & storage	Kuki & storan	legal	TRUE	unresolved	translated	17	13	0.76	Cookies	FALSE	FALSE		FALSE	
privacy	sections	8	privacy.sections[8].body	body	This site does not use tracking cookies. It stores a few small items in your browser to make the site work and remember your choices: your language and text-size preference, your cookie-consent selection, and — only if you opt in — your personalisation answers and chat-assistant history. These stay on your device and are not sent to any server. You control optional storage through the cookie banner and the "Manage cookies" link.	Laman ini tidak menggunakan kuki penjejakan. Ia menyimpan beberapa item kecil dalam pelayar anda untuk membolehkan laman berfungsi dan mengingati pilihan anda: keutamaan bahasa dan saiz teks anda, pilihan persetujuan kuki anda, dan — hanya jika anda memilih untuk menyertai — jawapan pemperibadian dan sejarah pembantu sembang anda. Ini kekal pada peranti anda dan tidak dihantar ke mana-mana pelayan. Anda mengawal storan pilihan melalui sepanduk kuki dan pautan "Urus kuki".	legal	TRUE	unresolved	translated	432	476	1.10	Consent;Cookies;Manage cookies	FALSE	FALSE		FALSE	
privacy	sections	9	privacy.sections[9].heading	heading	Complaints	Aduan	legal	TRUE	unresolved	translated	10	5	0.50		FALSE	FALSE		FALSE	
privacy	sections	9	privacy.sections[9].body	body	If you have a concern about how we handle your personal data, please contact us first using the details in "Who we are" — we would like the chance to put things right. You also have the right to lodge a complaint with the <a href="https://www.pdp.gov.my/" target="_blank" rel="noopener noreferrer">Department of Personal Data Protection, Malaysia</a>.	Jika anda mempunyai kebimbangan tentang cara kami mengendalikan data peribadi anda, sila hubungi kami terlebih dahulu menggunakan butiran dalam "Siapa kami" — kami ingin peluang untuk memperbetulkan keadaan. Anda juga mempunyai hak untuk membuat aduan kepada <a href="https://www.pdp.gov.my/" target="_blank" rel="noopener noreferrer">Jabatan Perlindungan Data Peribadi, Malaysia</a>.	legal	TRUE	unresolved	translated	351	384	1.09	Contact us	FALSE	FALSE		FALSE	
global	ui		chatbot.ui.launchAria	launchAria	Open chat assistant	Buka pembantu sembang	microcopy	TRUE	js	translated	19	21	1.11	Open chat assistant	FALSE	FALSE		FALSE	
global	ui		chatbot.ui.panelTitle	panelTitle	Urbane Ethos Assistant	Pembantu Urbane Ethos	microcopy	TRUE	js	translated	22	21	0.95		FALSE	FALSE		FALSE	
global	ui		chatbot.ui.subtitle	subtitle	Friendly, fast, no pressure.	Mesra, pantas, tiada tekanan.	body	TRUE	js	translated	28	29	1.04		FALSE	FALSE		FALSE	
global	ui		chatbot.ui.inputPlaceholder	inputPlaceholder	Type a message…	Taip mesej…	microcopy	TRUE	js	translated	15	11	0.73		FALSE	FALSE		FALSE	
global	ui		chatbot.ui.send	send	Send	Hantar	microcopy	TRUE	js	translated	4	6	1.50	Send	FALSE	FALSE		FALSE	
global	ui		chatbot.ui.micAria	micAria	Speak instead of typing	Bercakap selain menaip	microcopy	TRUE	js	translated	23	22	0.96		FALSE	FALSE		FALSE	
global	ui		chatbot.ui.ttsAria	ttsAria	Read responses aloud	Bacakan jawapan dengan kuat	microcopy	TRUE	js	translated	20	27	1.35		FALSE	FALSE		FALSE	
global	ui		chatbot.ui.minimize	minimize	Minimize	Kecilkan	microcopy	TRUE	js	translated	8	8	1.00		FALSE	FALSE		FALSE	
global	ui		chatbot.ui.close	close	Close	Tutup	microcopy	TRUE	js	translated	5	5	1.00	Close	FALSE	FALSE		FALSE	
global	ui		chatbot.ui.consentNotice	consentNotice	Transcripts saved only if you opted in. Manage in footer.	Transkrip disimpan hanya jika anda bersetuju. Urus di bahagian bawah.	microcopy	TRUE	js	translated	57	69	1.21		FALSE	FALSE		FALSE	
global	ui		chatbot.ui.transcriptHeading	transcriptHeading	Conversation	Perbualan	microcopy	TRUE	js	translated	12	9	0.75		FALSE	FALSE		FALSE	
global	ui		chatbot.ui.whatsapp	whatsapp	Continue on WhatsApp	Teruskan di WhatsApp	microcopy	TRUE	js	translated	20	20	1.00		FALSE	FALSE		FALSE	
global	ui		chatbot.ui.whatsappAria	whatsappAria	Continue this conversation with our team on WhatsApp (opens in a new tab)	Teruskan perbualan ini dengan pasukan kami di WhatsApp (buka dalam tab baharu)	microcopy	TRUE	js	translated	73	78	1.07	Team	FALSE	FALSE		FALSE	
global	flow		chatbot.flow.start.say	say	Hi! I can help with bookings, services, pricing, or connect you with our team. Where would you like to start?	Hai! Saya boleh membantu dengan tempahan, perkhidmatan, harga, atau menyambungkan anda dengan pasukan kami. Anda ingin mulakan di mana?	body	TRUE	js	translated	109	135	1.24	Team	FALSE	FALSE		FALSE	
global	flow	0	chatbot.flow.start.options[0].label	label	Book a session	Tempah sesi	option	TRUE	js	translated	14	11	0.79	Session;Book a session	FALSE	FALSE		FALSE	
global	flow	0	chatbot.flow.start.options[0].next	next	book	book	non-copy	FALSE	js	identical	4	4	1.00		FALSE	FALSE		FALSE	
global	flow	1	chatbot.flow.start.options[1].label	label	Ask about a service	Tanya tentang perkhidmatan	option	TRUE	js	translated	19	26	1.37		FALSE	FALSE		FALSE	
global	flow	1	chatbot.flow.start.options[1].next	next	service	service	non-copy	FALSE	js	identical	7	7	1.00		FALSE	FALSE		FALSE	
global	flow	2	chatbot.flow.start.options[2].label	label	Pricing indication	Anggaran harga	option	TRUE	js	translated	18	14	0.78		FALSE	FALSE		FALSE	
global	flow	2	chatbot.flow.start.options[2].next	next	price.q1	price.q1	non-copy	FALSE	js	identical	8	8	1.00		FALSE	FALSE		FALSE	
global	flow	3	chatbot.flow.start.options[3].label	label	Talk to our team	Bercakap dengan pasukan kami	option	TRUE	js	translated	16	28	1.75	Team	FALSE	FALSE		FALSE	
global	flow	3	chatbot.flow.start.options[3].next	next	customer	customer	non-copy	FALSE	js	identical	8	8	1.00		FALSE	FALSE		FALSE	
global	flow		chatbot.flow.book.say	say	Lovely. Tell me which service you're interested in and when suits you best.	Bagus. Beritahu saya perkhidmatan yang anda minati dan waktu yang paling sesuai untuk anda.	body	TRUE	js	translated	75	91	1.21		FALSE	FALSE		FALSE	
global	flow		chatbot.flow.book.input	input	free	free	non-copy	FALSE	js	identical	4	4	1.00		FALSE	FALSE		FALSE	
global	flow		chatbot.flow.book.next	next	customer.name	customer.name	non-copy	FALSE	js	identical	13	13	1.00		FALSE	FALSE		FALSE	
global	flow		chatbot.flow.service.say	say	Which service can I tell you about?	Perkhidmatan mana yang boleh saya ceritakan?	body	TRUE	js	translated	35	44	1.26		FALSE	FALSE		FALSE	
global	flow	0	chatbot.flow.service.options[0].label	label	Screening	Saringan	option	TRUE	js	translated	9	8	0.89		FALSE	FALSE		FALSE	
global	flow	0	chatbot.flow.service.options[0].next	next	service.screening	service.screening	non-copy	FALSE	js	identical	17	17	1.00		FALSE	FALSE		FALSE	
global	flow	1	chatbot.flow.service.options[1].label	label	Occupational Therapy	Terapi Carakerja	option	TRUE	js	translated	20	16	0.80	Occupational Therapy	FALSE	FALSE		FALSE	
global	flow	1	chatbot.flow.service.options[1].next	next	service.ot	service.ot	non-copy	FALSE	js	identical	10	10	1.00		FALSE	FALSE		FALSE	
global	flow	2	chatbot.flow.service.options[2].label	label	Speech Therapy	Terapi Pertuturan	option	TRUE	js	translated	14	17	1.21	Speech Therapy	FALSE	FALSE		FALSE	
global	flow	2	chatbot.flow.service.options[2].next	next	service.speech	service.speech	non-copy	FALSE	js	identical	14	14	1.00		FALSE	FALSE		FALSE	
global	flow	3	chatbot.flow.service.options[3].label	label	Special Education	Pendidikan Khas	option	TRUE	js	translated	17	15	0.88	Special Education	FALSE	FALSE		FALSE	
global	flow	3	chatbot.flow.service.options[3].next	next	service.specialed	service.specialed	non-copy	FALSE	js	identical	17	17	1.00		FALSE	FALSE		FALSE	
global	flow	4	chatbot.flow.service.options[4].label	label	Early Intervention	Intervensi Awal	option	TRUE	js	translated	18	15	0.83	Early Intervention	FALSE	FALSE		FALSE	
global	flow	4	chatbot.flow.service.options[4].next	next	service.eip	service.eip	non-copy	FALSE	js	identical	11	11	1.00		FALSE	FALSE		FALSE	
global	flow	5	chatbot.flow.service.options[5].label	label	Clinical Psychology	Psikologi Klinikal	option	TRUE	js	translated	19	18	0.95	Clinical Psychology	FALSE	FALSE		FALSE	
global	flow	5	chatbot.flow.service.options[5].next	next	service.psych	service.psych	non-copy	FALSE	js	identical	13	13	1.00		FALSE	FALSE		FALSE	
global	flow		chatbot.flow.service.screening.say	say	Screening and assessment are separate services. Screening covers two areas: Occupational Therapy (fine motor, school readiness) and Clinical Psychology (emotional, behavioural). If you have more concerns, we provide a holistic 3-in-1 assessment — Occupational Therapy, Speech-Language and Communication, and Clinical Psychology — usually around 1-2 hours depending on the needs of the child.	Saringan dan penilaian ialah perkhidmatan yang berasingan. Saringan meliputi dua bidang: Terapi Carakerja (motor halus, kesediaan sekolah) dan Psikologi Klinikal (emosi, tingkah laku). Jika anda mempunyai lebih banyak kebimbangan, kami menyediakan penilaian holistik 3-in-1 — Terapi Carakerja, Bahasa-Pertuturan dan Komunikasi, serta Psikologi Klinikal — biasanya sekitar 1-2 jam bergantung pada keperluan anak.	body	TRUE	js	translated	391	411	1.05	Occupational Therapy;Clinical Psychology;Child	FALSE	FALSE		FALSE	
global	flow		chatbot.flow.service.screening.next	next	start	start	non-copy	FALSE	js	identical	5	5	1.00		FALSE	FALSE		FALSE	
global	flow		chatbot.flow.service.ot.say	say	Paediatric occupational therapy focuses on helping children develop the skills they need to grow into functional, independent adults. Sessions are individual or in small groups.	Terapi carakerja pediatrik memberi tumpuan untuk membantu anak membina kemahiran yang diperlukan agar mereka membesar menjadi orang dewasa yang berfungsi dan berdikari. Sesi dijalankan secara individu atau dalam kumpulan kecil.	body	TRUE	js	translated	177	227	1.28	Occupational Therapy;Session;Child;Children;Adult	FALSE	FALSE		FALSE	
global	flow		chatbot.flow.service.ot.next	next	start	start	non-copy	FALSE	js	identical	5	5	1.00		FALSE	FALSE		FALSE	
global	flow		chatbot.flow.service.speech.say	say	Speech therapists handle speech issues such as stuttering or lisps, as well as problems with spoken and written language. We help kids build skills one-on-one or in small groups.	Ahli terapi pertuturan menangani isu pertuturan seperti gagap atau pelat, serta masalah bahasa lisan dan bertulis. Kami membantu anak-anak membina kemahiran satu-dengan-satu atau dalam kumpulan kecil.	body	TRUE	js	translated	178	200	1.12		FALSE	FALSE		FALSE	
global	flow		chatbot.flow.service.speech.next	next	start	start	non-copy	FALSE	js	identical	5	5	1.00		FALSE	FALSE		FALSE	
global	flow		chatbot.flow.service.specialed.say	say	Cognitive Therapy & Special Education — delivered by our professionally licensed Special Education Teacher as part of our integrated, multidisciplinary set up, catered individually to your child's needs.	Terapi Kognitif & Pendidikan Khas — disampaikan oleh Guru Pendidikan Khas kami yang berlesen secara profesional sebagai sebahagian daripada persediaan bersepadu dan pelbagai disiplin kami, disesuaikan secara individu mengikut keperluan anak anda.	body	TRUE	js	translated	203	246	1.21	Special Education;Child	FALSE	FALSE		FALSE	
global	flow		chatbot.flow.service.specialed.next	next	start	start	non-copy	FALSE	js	identical	5	5	1.00		FALSE	FALSE		FALSE	
global	flow		chatbot.flow.service.eip.say	say	The EIP program is only for children ages 12 and below: a school readiness program (6-12 years old, morning session, 4 hours) and a play group (3-5 years old, afternoon session, 2 hours), run by our certified Occupational Therapist, Speech Therapist/Clinical Linguist and Special Education Teacher.	Program EIP hanya untuk kanak-kanak berumur 12 tahun ke bawah: program kesediaan sekolah (6-12 tahun, sesi pagi, 4 jam) dan kumpulan permainan (3-5 tahun, sesi petang, 2 jam), dijalankan oleh Ahli Terapi Carakerja, Ahli Terapi Pertuturan/Pakar Linguistik Klinikal serta Guru Pendidikan Khas kami yang bertauliah.	body	TRUE	js	translated	298	312	1.05	Special Education;Session;Child;Children	FALSE	FALSE		FALSE	
global	flow		chatbot.flow.service.eip.next	next	start	start	non-copy	FALSE	js	identical	5	5	1.00		FALSE	FALSE		FALSE	
global	flow		chatbot.flow.service.psych.say	say	Clinical psychologists meet with clients to identify emotional, mental, and behavioural concerns through observation, interviews, and tests. We then formulate a program of treatment together.	Ahli psikologi klinikal bertemu klien untuk mengenal pasti kebimbangan emosi, mental, dan tingkah laku melalui pemerhatian, temu bual, dan ujian. Kemudian kami merumuskan satu program rawatan bersama.	body	TRUE	js	translated	191	200	1.05		FALSE	FALSE		FALSE	
global	flow		chatbot.flow.service.psych.next	next	start	start	non-copy	FALSE	js	identical	5	5	1.00		FALSE	FALSE		FALSE	
global	flow		chatbot.flow.price.q1.say	say	Which service?	Perkhidmatan yang mana?	body	TRUE	js	translated	14	23	1.64		FALSE	FALSE		FALSE	
global	flow	0	chatbot.flow.price.q1.options[0].label	label	Screening	Saringan	option	TRUE	js	translated	9	8	0.89		FALSE	FALSE		FALSE	
global	flow	0	chatbot.flow.price.q1.options[0].next	next	price.q2	price.q2	non-copy	FALSE	js	identical	8	8	1.00		FALSE	FALSE		FALSE	
global	flow	0	chatbot.flow.price.q1.options[0].set.service	service	screening	screening	microcopy	TRUE	js	identical	9	9	1.00		FALSE	FALSE		FALSE	
global	flow	1	chatbot.flow.price.q1.options[1].label	label	Occupational Therapy	Terapi Carakerja	option	TRUE	js	translated	20	16	0.80	Occupational Therapy	FALSE	FALSE		FALSE	
global	flow	1	chatbot.flow.price.q1.options[1].next	next	price.q2	price.q2	non-copy	FALSE	js	identical	8	8	1.00		FALSE	FALSE		FALSE	
global	flow	1	chatbot.flow.price.q1.options[1].set.service	service	ot	ot	microcopy	TRUE	js	identical	2	2	1.00		FALSE	FALSE		FALSE	
global	flow	2	chatbot.flow.price.q1.options[2].label	label	Speech Therapy	Terapi Pertuturan	option	TRUE	js	translated	14	17	1.21	Speech Therapy	FALSE	FALSE		FALSE	
global	flow	2	chatbot.flow.price.q1.options[2].next	next	price.q2	price.q2	non-copy	FALSE	js	identical	8	8	1.00		FALSE	FALSE		FALSE	
global	flow	2	chatbot.flow.price.q1.options[2].set.service	service	speech	speech	microcopy	TRUE	js	identical	6	6	1.00		FALSE	FALSE		FALSE	
global	flow		chatbot.flow.price.q2.say	say	What's your child's age?	Berapa umur anak anda?	body	TRUE	js	translated	24	22	0.92	Child	FALSE	FALSE		FALSE	
global	flow	0	chatbot.flow.price.q2.options[0].label	label	0–2	0–2	option	TRUE	js	identical	3	3	1.00		FALSE	FALSE		FALSE	
global	flow	0	chatbot.flow.price.q2.options[0].next	next	price.q3	price.q3	non-copy	FALSE	js	identical	8	8	1.00		FALSE	FALSE		FALSE	
global	flow	0	chatbot.flow.price.q2.options[0].set.age	age	0-2	0-2	microcopy	TRUE	js	identical	3	3	1.00		FALSE	FALSE		FALSE	
global	flow	1	chatbot.flow.price.q2.options[1].label	label	3–5	3–5	option	TRUE	js	identical	3	3	1.00		FALSE	FALSE		FALSE	
global	flow	1	chatbot.flow.price.q2.options[1].next	next	price.q3	price.q3	non-copy	FALSE	js	identical	8	8	1.00		FALSE	FALSE		FALSE	
global	flow	1	chatbot.flow.price.q2.options[1].set.age	age	3-5	3-5	microcopy	TRUE	js	identical	3	3	1.00		FALSE	FALSE		FALSE	
global	flow	2	chatbot.flow.price.q2.options[2].label	label	6–9	6–9	option	TRUE	js	identical	3	3	1.00		FALSE	FALSE		FALSE	
global	flow	2	chatbot.flow.price.q2.options[2].next	next	price.q3	price.q3	non-copy	FALSE	js	identical	8	8	1.00		FALSE	FALSE		FALSE	
global	flow	2	chatbot.flow.price.q2.options[2].set.age	age	6-9	6-9	microcopy	TRUE	js	identical	3	3	1.00		FALSE	FALSE		FALSE	
global	flow	3	chatbot.flow.price.q2.options[3].label	label	10+	10+	option	TRUE	js	identical	3	3	1.00		FALSE	FALSE		FALSE	
global	flow	3	chatbot.flow.price.q2.options[3].next	next	price.q3	price.q3	non-copy	FALSE	js	identical	8	8	1.00		FALSE	FALSE		FALSE	
global	flow	3	chatbot.flow.price.q2.options[3].set.age	age	10+	10+	microcopy	TRUE	js	identical	3	3	1.00		FALSE	FALSE		FALSE	
global	flow		chatbot.flow.price.q3.say	say	How often are you thinking?	Berapa kerap anda fikirkan?	body	TRUE	js	translated	27	27	1.00		FALSE	FALSE		FALSE	
global	flow	0	chatbot.flow.price.q3.options[0].label	label	One-off / assessment	Sekali sahaja / penilaian	option	TRUE	js	translated	20	25	1.25		FALSE	FALSE		FALSE	
global	flow	0	chatbot.flow.price.q3.options[0].next	next	price.show	price.show	non-copy	FALSE	js	identical	10	10	1.00		FALSE	FALSE		FALSE	
global	flow	0	chatbot.flow.price.q3.options[0].set.freq	freq	one	one	microcopy	TRUE	js	identical	3	3	1.00		FALSE	FALSE		FALSE	
global	flow	1	chatbot.flow.price.q3.options[1].label	label	Weekly	Mingguan	option	TRUE	js	translated	6	8	1.33		FALSE	FALSE		FALSE	
global	flow	1	chatbot.flow.price.q3.options[1].next	next	price.show	price.show	non-copy	FALSE	js	identical	10	10	1.00		FALSE	FALSE		FALSE	
global	flow	1	chatbot.flow.price.q3.options[1].set.freq	freq	weekly	weekly	microcopy	TRUE	js	identical	6	6	1.00		FALSE	FALSE		FALSE	
global	flow	2	chatbot.flow.price.q3.options[2].label	label	Multiple times a week	Beberapa kali seminggu	option	TRUE	js	translated	21	22	1.05		FALSE	FALSE		FALSE	
global	flow	2	chatbot.flow.price.q3.options[2].next	next	price.show	price.show	non-copy	FALSE	js	identical	10	10	1.00		FALSE	FALSE		FALSE	
global	flow	2	chatbot.flow.price.q3.options[2].set.freq	freq	intensive	intensive	microcopy	TRUE	js	identical	9	9	1.00		FALSE	FALSE		FALSE	
global	flow		chatbot.flow.price.show.say	say	Fees vary by service, the child's needs, and how often you visit, so the team shares current charges directly. You can call +603-7734 3044 or send us a message. Want to get in touch?	Yuran berbeza mengikut perkhidmatan, keperluan anak, dan kekerapan sesi, jadi pihak kami berkongsi kadar terkini secara terus. Anda boleh hubungi +603-7734 3044 atau hantar mesej kepada kami. Mahu berhubung dengan kami?	body	TRUE	js	translated	182	219	1.20	Team;Child;Get in touch;Send	FALSE	FALSE		FALSE	
global	flow	0	chatbot.flow.price.show.options[0].label	label	Yes, confirm with the team	Ya, sahkan dengan pasukan	option	TRUE	js	translated	26	25	0.96	Team	FALSE	FALSE		FALSE	
global	flow	0	chatbot.flow.price.show.options[0].next	next	customer	customer	non-copy	FALSE	js	identical	8	8	1.00		FALSE	FALSE		FALSE	
global	flow	1	chatbot.flow.price.show.options[1].label	label	Not yet	Belum lagi	option	TRUE	js	translated	7	10	1.43		FALSE	FALSE		FALSE	
global	flow	1	chatbot.flow.price.show.options[1].next	next	start	start	non-copy	FALSE	js	identical	5	5	1.00		FALSE	FALSE		FALSE	
global	flow		chatbot.flow.customer.say	say	Of course. Let's put together a message you can send our team on WhatsApp. First — what's your name?	Tentu. Mari kita sediakan mesej yang boleh anda hantar kepada pasukan kami di WhatsApp. Pertama — apakah nama anda?	body	TRUE	js	translated	100	115	1.15	Team;Send	FALSE	FALSE		FALSE	
global	flow		chatbot.flow.customer.input	input	free	free	non-copy	FALSE	js	identical	4	4	1.00		FALSE	FALSE		FALSE	
global	flow		chatbot.flow.customer.capture	capture	name	name	microcopy	TRUE	js	identical	4	4	1.00		FALSE	FALSE		FALSE	
global	flow		chatbot.flow.customer.next	next	customer.phone	customer.phone	non-copy	FALSE	js	identical	14	14	1.00		FALSE	FALSE		FALSE	
global	flow		chatbot.flow.customer.name.say	say	Got it. What's your name?	Baik. Apakah nama anda?	body	TRUE	js	translated	25	23	0.92		FALSE	FALSE		FALSE	
global	flow		chatbot.flow.customer.name.input	input	free	free	non-copy	FALSE	js	identical	4	4	1.00		FALSE	FALSE		FALSE	
global	flow		chatbot.flow.customer.name.capture	capture	name	name	microcopy	TRUE	js	identical	4	4	1.00		FALSE	FALSE		FALSE	
global	flow		chatbot.flow.customer.name.next	next	customer.phone	customer.phone	non-copy	FALSE	js	identical	14	14	1.00		FALSE	FALSE		FALSE	
global	flow		chatbot.flow.customer.phone.say	say	Thanks. And the best number to reach you on?	Terima kasih. Dan nombor terbaik untuk menghubungi anda?	body	TRUE	js	translated	44	56	1.27		FALSE	FALSE		FALSE	
global	flow		chatbot.flow.customer.phone.input	input	free	free	non-copy	FALSE	js	identical	4	4	1.00		FALSE	FALSE		FALSE	
global	flow		chatbot.flow.customer.phone.capture	capture	phone	phone	microcopy	TRUE	js	identical	5	5	1.00		FALSE	FALSE		FALSE	
global	flow		chatbot.flow.customer.phone.next	next	customer.confirm	customer.confirm	non-copy	FALSE	js	identical	16	16	1.00		FALSE	FALSE		FALSE	
global	flow		chatbot.flow.customer.confirm.say	say	That's everything I need. Use the WhatsApp button below to send this straight to our team.	Itu sahaja yang saya perlukan. Gunakan butang WhatsApp di bawah untuk menghantarnya terus kepada pasukan kami.	body	TRUE	js	translated	90	110	1.22	Team;Send	FALSE	FALSE		FALSE	
global	flow	0	chatbot.flow.customer.confirm.options[0].label	label	Back to start	Kembali ke mula	option	TRUE	js	translated	13	15	1.15		FALSE	FALSE		FALSE	
global	flow	0	chatbot.flow.customer.confirm.options[0].next	next	start	start	non-copy	FALSE	js	identical	5	5	1.00		FALSE	FALSE		FALSE	
global	mapEmbedSrc		common.mapEmbedSrc	mapEmbedSrc	https://www.google.com/maps?q=Urbane+Ethos+Early+Intervention+Center%2C+No.+4+Jalan+Elektron+E+U16%2FE%2C+Denai+Alam%2C+40160+Shah+Alam%2C+Selangor&output=embed	https://www.google.com/maps?q=Urbane+Ethos+Early+Intervention+Center%2C+No.+4+Jalan+Elektron+E+U16%2FE%2C+Denai+Alam%2C+40160+Shah+Alam%2C+Selangor&output=embed	microcopy	TRUE	unresolved	identical	160	160	1.00	Center	FALSE	FALSE		FALSE	
global	nav		common.nav.about	about	About	Tentang Kami	nav	TRUE	static	translated	5	12	2.40		FALSE	FALSE		FALSE	
global	nav		common.nav.staff	staff	Staff	Kakitangan	nav	TRUE	static	translated	5	10	2.00	Staff	FALSE	FALSE		FALSE	
global	nav		common.nav.services	services	Services	Perkhidmatan	nav	TRUE	static	translated	8	12	1.50		FALSE	FALSE		FALSE	
global	nav		common.nav.events	events	Events	Acara	nav	TRUE	unresolved	translated	6	5	0.83		FALSE	FALSE		FALSE	
global	nav		common.nav.blog	blog	Blog	Blog	nav	TRUE	static	identical	4	4	1.00		FALSE	FALSE		FALSE	
global	nav		common.nav.contact	contact	Contact	Hubungi	nav	TRUE	static	translated	7	7	1.00		FALSE	FALSE		FALSE	
global	nav		common.nav.more	more	More	Lagi	nav	TRUE	unresolved	translated	4	4	1.00		FALSE	FALSE		FALSE	
global	nav		common.nav.bookNow	bookNow	Book Now	Tempah Sekarang	nav	TRUE	unresolved	translated	8	15	1.88	Book Now	FALSE	FALSE		FALSE	
global	nav		common.nav.skipToContent	skipToContent	Skip to content	Langkau ke kandungan	nav	TRUE	static	translated	15	20	1.33	Skip to content	FALSE	FALSE		FALSE	
global	nav		common.nav.menu	menu	Open menu	Buka menu	nav	TRUE	static	translated	9	9	1.00	Menu	FALSE	FALSE		FALSE	
global	nav		common.nav.menuClose	menuClose	Close menu	Tutup menu	nav	TRUE	unresolved	translated	10	10	1.00	Close;Menu	FALSE	FALSE		FALSE	
global	locale		common.locale.switchToEnglish	switchToEnglish	EN	EN	microcopy	TRUE	unresolved	identical	2	2	1.00		FALSE	FALSE		FALSE	
global	locale		common.locale.switchToMalay	switchToMalay	BM	BM	microcopy	TRUE	unresolved	identical	2	2	1.00		FALSE	FALSE		FALSE	
global	locale		common.locale.currentLabel	currentLabel	Current language	Bahasa semasa	microcopy	TRUE	unresolved	translated	16	13	0.81		FALSE	FALSE		FALSE	
global	fontSize		common.fontSize.label	label	Text size	Saiz teks	label	TRUE	unresolved	translated	9	9	1.00	Text size	FALSE	FALSE		FALSE	
global	fontSize		common.fontSize.values[0]	values	A	A	list-item	TRUE	unresolved	identical	1	1	1.00		FALSE	FALSE		FALSE	
global	fontSize		common.fontSize.values[1]	values	A+	A+	list-item	TRUE	unresolved	identical	2	2	1.00		FALSE	FALSE		FALSE	
global	fontSize		common.fontSize.values[2]	values	A++	A++	list-item	TRUE	unresolved	identical	3	3	1.00		FALSE	FALSE		FALSE	
global	footer		common.footer.address	address	No. 4, Jalan Elektron E U16/E, Seksyen U16, E-Boulevard, Denai Alam, 40160 Shah Alam, Selangor	No. 4, Jalan Elektron E U16/E, Seksyen U16, E-Boulevard, Denai Alam, 40160 Shah Alam, Selangor	microcopy	TRUE	static	identical	94	94	1.00		FALSE	FALSE		FALSE	
global	footer		common.footer.phone1	phone1	+603-7734 3044	+603-7734 3044	microcopy	TRUE	static	identical	14	14	1.00		FALSE	FALSE		FALSE	
global	footer		common.footer.phone2	phone2	+6013-249 0069	+6013-249 0069	microcopy	TRUE	unresolved	identical	14	14	1.00		FALSE	FALSE		FALSE	
global	footer		common.footer.email	email	urbaneethos@yahoo.com	urbaneethos@yahoo.com	microcopy	TRUE	static	identical	21	21	1.00		FALSE	FALSE		FALSE	
global	footer		common.footer.hoursLabel	hoursLabel	Hours	Waktu operasi	microcopy	TRUE	static	translated	5	13	2.60		FALSE	FALSE		FALSE	
global	footer		common.footer.hours[0]	hours	Monday: 12PM – 5PM	Isnin: 12PM – 5PM	list-item	TRUE	unresolved	translated	18	17	0.94	Monday	FALSE	FALSE		FALSE	
global	footer		common.footer.hours[1]	hours	Tuesday – Saturday: 9AM – 6PM	Selasa – Sabtu: 9AM – 6PM	list-item	TRUE	unresolved	translated	29	25	0.86	Tuesday;Saturday	FALSE	FALSE		FALSE	
global	footer		common.footer.hours[2]	hours	Closed Sunday & Public Holidays	Tutup pada hari Ahad & Cuti Umum	list-item	TRUE	unresolved	translated	31	32	1.03	Close;Sunday;Public Holidays;Closed	FALSE	FALSE		FALSE	
global	footer		common.footer.social.facebook	facebook	Facebook	Facebook	microcopy	TRUE	unresolved	identical	8	8	1.00		FALSE	FALSE		FALSE	
global	footer		common.footer.social.instagram	instagram	Instagram	Instagram	microcopy	TRUE	unresolved	identical	9	9	1.00		FALSE	FALSE		FALSE	
global	footer		common.footer.rights	rights	© Urbane Ethos Early Intervention Center	© Pusat Intervensi Awal Urbane Ethos	microcopy	TRUE	static	translated	40	36	0.90	Early Intervention;Urbane Ethos Early Intervention Center;Center	FALSE	FALSE		FALSE	
global	footer		common.footer.manageCookies	manageCookies	Manage cookies	Urus kuki	microcopy	TRUE	static	translated	14	9	0.64	Cookies;Manage cookies	FALSE	FALSE		FALSE	
global	footer		common.footer.clearData	clearData	Clear my data	Padam data saya	microcopy	TRUE	static	translated	13	15	1.15		TRUE	FALSE		FALSE	
global	footer		common.footer.privacy	privacy	Privacy notice	Notis Privasi	microcopy	TRUE	static	translated	14	13	0.93	Privacy notice	FALSE	FALSE		FALSE	
global	footer		common.footer.analyticsDemo	analyticsDemo	Analytics demo	Demo analitik	microcopy	TRUE	static	translated	14	13	0.93	Analytics	FALSE	FALSE		FALSE	
global	clearData		common.clearData.title	title	Clear my data	Padam data saya	heading	TRUE	unresolved	translated	13	15	1.15		TRUE	FALSE		FALSE	
global	clearData		common.clearData.body	body	This removes everything this site has saved in your browser. It does not affect anything you have already sent us by email or WhatsApp, and it does not delete your enquiry.	Ini membuang segala yang disimpan oleh laman ini dalam pelayar anda. Ia tidak menjejaskan apa-apa yang telah anda hantar kepada kami melalui emel atau WhatsApp, dan ia tidak memadam pertanyaan anda.	body	TRUE	unresolved	translated	172	198	1.15		TRUE	FALSE		FALSE	
global	clearData		common.clearData.itemsList[0]	itemsList	Your language preference	Pilihan bahasa anda	list-item	TRUE	unresolved	translated	24	19	0.79		TRUE	FALSE		FALSE	
global	clearData		common.clearData.itemsList[1]	itemsList	Your text-size preference	Pilihan saiz teks anda	list-item	TRUE	unresolved	translated	25	22	0.88		TRUE	FALSE		FALSE	
global	clearData		common.clearData.itemsList[2]	itemsList	Your cookie and consent choices	Pilihan kuki dan persetujuan anda	list-item	TRUE	unresolved	translated	31	33	1.06	Consent	TRUE	FALSE		FALSE	
global	clearData		common.clearData.itemsList[3]	itemsList	Your personalization answers	Jawapan pemperibadian anda	list-item	TRUE	unresolved	translated	28	26	0.93	Personalization	TRUE	FALSE		FALSE	
global	clearData		common.clearData.itemsList[4]	itemsList	Your saved chat transcripts	Transkrip sembang anda yang disimpan	list-item	TRUE	unresolved	translated	27	36	1.33		TRUE	FALSE		FALSE	
global	clearData		common.clearData.confirm	confirm	Clear my data	Padam data saya	microcopy	TRUE	unresolved	translated	13	15	1.15		TRUE	FALSE		FALSE	
global	clearData		common.clearData.cancel	cancel	Cancel	Batal	microcopy	TRUE	unresolved	translated	6	5	0.83		TRUE	FALSE		FALSE	
global	clearData		common.clearData.done	done	Cleared.	Telah dipadam.	microcopy	TRUE	unresolved	translated	8	14	1.75		TRUE	FALSE		FALSE	
global	cta		common.cta.findOutMore	findOutMore	Find Out More	Ketahui Lebih Lanjut	microcopy	TRUE	unresolved	translated	13	20	1.54	Find Out More	FALSE	FALSE		FALSE	
global	cta		common.cta.bookSession	bookSession	Book a session	Tempah sesi	microcopy	TRUE	static	translated	14	11	0.79	Session;Book a session	FALSE	FALSE		FALSE	
global	cta		common.cta.talkToUs	talkToUs	Talk to us	Bercakap dengan kami	microcopy	TRUE	unresolved	translated	10	20	2.00		FALSE	FALSE		FALSE	
global	cta		common.cta.viewServices	viewServices	View services	Lihat perkhidmatan	microcopy	TRUE	unresolved	translated	13	18	1.38	View services	FALSE	FALSE		FALSE	
global	cta		common.cta.meetStaff	meetStaff	Meet our team	Temui pasukan kami	microcopy	TRUE	unresolved	translated	13	18	1.38	Team;Meet our team	FALSE	FALSE		FALSE	
global	cta		common.cta.contactUs	contactUs	Contact us	Hubungi kami	microcopy	TRUE	unresolved	translated	10	12	1.20	Contact us	FALSE	FALSE		FALSE	
global	a11y		common.a11y.openChatbot	openChatbot	Open chat assistant	Buka pembantu sembang	microcopy	TRUE	static	translated	19	21	1.11	Open chat assistant	FALSE	FALSE		FALSE	
global	a11y		common.a11y.closeChatbot	closeChatbot	Close chat assistant	Tutup pembantu sembang	microcopy	TRUE	unresolved	translated	20	22	1.10	Close	FALSE	FALSE		FALSE	
global	a11y		common.a11y.personalizationReset	personalizationReset	Reset personalization	Set semula pemperibadian	microcopy	TRUE	unresolved	translated	21	24	1.14	Personalization	FALSE	FALSE		FALSE	
global	a11y		common.a11y.mapTitle	mapTitle	Google Map showing the Urbane Ethos centre in Denai Alam, Shah Alam	Peta Google menunjukkan pusat Urbane Ethos di Denai Alam, Shah Alam	microcopy	TRUE	unresolved	translated	67	67	1.00	Centre	FALSE	FALSE		FALSE	
global	map		common.map.load	load	Load map	Muat peta	cta	TRUE	static	translated	8	9	1.12		FALSE	FALSE		TRUE	map-embed
global	map		common.map.notice	notice	Shows our location on Google Maps. Loading it shares your device's IP address with Google — see our privacy notice.	Menunjukkan lokasi kami di Google Maps. Memuatkannya berkongsi alamat IP peranti anda dengan Google — lihat notis privasi kami.	microcopy	TRUE	static	translated	115	127	1.10	Privacy notice	FALSE	FALSE		TRUE	map-embed
global	media		common.media.captions.serviceMood1	serviceMood1	Letter-formation practice, one stroke at a time.	Latihan membentuk huruf, satu coretan pada satu masa.	microcopy	TRUE	unresolved	translated	48	53	1.10		TRUE	FALSE		FALSE	
global	media		common.media.captions.serviceMood2	serviceMood2	Writing and colouring, side by side.	Menulis dan mewarna, bersebelahan.	microcopy	TRUE	unresolved	translated	36	34	0.94		TRUE	FALSE		FALSE	
global	media		common.media.captions.serviceMood3	serviceMood3	Matching sounds to letters.	Memadankan bunyi dengan huruf.	microcopy	TRUE	unresolved	translated	27	30	1.11		TRUE	FALSE		FALSE	
global	media		common.media.captions.ytHomeIntro	ytHomeIntro	Our intro.	Pengenalan kami.	microcopy	TRUE	unresolved	translated	10	16	1.60		TRUE	FALSE		FALSE	
global	media		common.media.videoTitles.ytHomeIntro	ytHomeIntro	Urbane Ethos — introduction (placeholder)	Urbane Ethos — pengenalan (placeholder)	microcopy	TRUE	unresolved	translated	41	39	0.95		TRUE	FALSE		FALSE	
global	media		common.media.videoTitles.ytCentreTour	ytCentreTour	Urbane Ethos — centre tour (placeholder)	Urbane Ethos — lawatan pusat (placeholder)	microcopy	TRUE	unresolved	translated	40	42	1.05	Centre	TRUE	FALSE		FALSE	
global	media		common.media.alts.homeHeroIntroVideo	homeHeroIntroVideo	Illustration of a sunlit classroom with children's tables and a reading corner	Ilustrasi bilik darjah yang terang dengan meja kanak-kanak dan sudut bacaan	alt-text	TRUE	unresolved	translated	78	75	0.96	Child;Children	TRUE	FALSE		FALSE	
global	media		common.media.alts.serviceMood1	serviceMood1	A child's hand practising letter formation in a workbook	Tangan kanak-kanak berlatih membentuk huruf dalam buku kerja	alt-text	TRUE	unresolved	translated	56	60	1.07	Child	TRUE	FALSE		FALSE	
global	media		common.media.alts.serviceMood2	serviceMood2	A child working through a vowel-matching worksheet with coloured pencils	Seorang kanak-kanak menyiapkan lembaran padanan vokal menggunakan pensel warna	alt-text	TRUE	unresolved	translated	72	78	1.08	Child	TRUE	FALSE		FALSE	
global	media		common.media.alts.serviceMood3	serviceMood3	Children matching pictures to vowel sounds with coloured pencils	Kanak-kanak memadankan gambar dengan bunyi vokal menggunakan pensel warna	alt-text	TRUE	unresolved	translated	64	73	1.14	Child;Children	TRUE	FALSE		FALSE	
global	media		common.media.alts.serviceArtOt	serviceArtOt	The sensory room, with a platform swing, crash mat and painted underwater mural	Bilik sensori, dengan buaian platform, tilam empuk dan mural bawah laut yang dilukis	alt-text	TRUE	unresolved	translated	79	84	1.06		TRUE	FALSE		FALSE	
global	media		common.media.alts.serviceArtSpecialed	serviceArtSpecialed	Illustration of a cognitive-therapy and special-education session around a table beneath a stylised tree	Ilustrasi sesi terapi kognitif dan pendidikan khas di sekeliling meja di bawah pokok bergaya	alt-text	TRUE	unresolved	translated	104	92	0.88	Session	TRUE	FALSE		FALSE	
global	media		common.media.alts.serviceArtSpeech	serviceArtSpeech	Illustration of a therapist using a picture communication board with a young child during a speech-language session	Ilustrasi seorang ahli terapi menggunakan papan komunikasi bergambar bersama seorang kanak-kanak dalam sesi terapi pertuturan dan bahasa	alt-text	TRUE	unresolved	translated	115	136	1.18	Session;Child	TRUE	FALSE		FALSE	
global	media		common.media.alts.serviceArtEip	serviceArtEip	Illustration of two children practising handwriting at a table during an early-intervention session	Ilustrasi dua orang kanak-kanak berlatih menulis di meja semasa sesi intervensi awal	alt-text	TRUE	unresolved	translated	99	84	0.85	Session;Child;Children	TRUE	FALSE		FALSE	
global	media		common.media.alts.serviceArtPsych	serviceArtPsych	Illustration of children working through picture-and-letter worksheets together at a shared table	Ilustrasi kanak-kanak menyiapkan lembaran kerja bergambar dan huruf bersama di meja yang dikongsi	alt-text	TRUE	unresolved	translated	97	97	1.00	Child;Children	TRUE	FALSE		FALSE	
global	banner		consent.banner.heading	heading	What this site saves on your device	Apa yang laman ini simpan pada peranti anda	heading	TRUE	unresolved	translated	35	43	1.23		TRUE	FALSE		FALSE	
global	banner		consent.banner.body	body	These choices only affect what we store in your own browser. Nothing here is sent to a server or shared with an advertising network, and you can change or clear it at any time.	Pilihan ini hanya mempengaruhi apa yang kami simpan dalam pelayar anda sendiri. Tiada apa-apa di sini dihantar ke pelayan atau dikongsi dengan rangkaian pengiklanan, dan anda boleh menukar atau memadamnya pada bila-bila masa.	body	TRUE	unresolved	translated	176	225	1.28		TRUE	FALSE		FALSE	
global	banner		consent.banner.acceptAll	acceptAll	Accept all	Terima semua	microcopy	TRUE	unresolved	translated	10	12	1.20		TRUE	FALSE		FALSE	
global	banner		consent.banner.necessaryOnly	necessaryOnly	Necessary only	Diperlukan sahaja	microcopy	TRUE	unresolved	translated	14	17	1.21	Necessary	TRUE	FALSE		FALSE	
global	banner		consent.banner.customize	customize	Customize	Sesuaikan	microcopy	TRUE	unresolved	translated	9	9	1.00		TRUE	FALSE		FALSE	
global	banner		consent.banner.save	save	Save my choices	Simpan pilihan saya	microcopy	TRUE	unresolved	translated	15	19	1.27		TRUE	FALSE		FALSE	
global	banner		consent.banner.manage	manage	Manage cookies	Urus kuki	microcopy	TRUE	unresolved	translated	14	9	0.64	Cookies;Manage cookies	TRUE	FALSE		FALSE	
global	banner		consent.banner.readFullNotice	readFullNotice	Read the full privacy notice	Baca notis privasi penuh	microcopy	TRUE	unresolved	translated	28	24	0.86	Privacy notice;Read the full privacy notice	TRUE	FALSE		FALSE	
global	banner		consent.banner.cancel	cancel	Cancel	Batal	microcopy	TRUE	unresolved	translated	6	5	0.83		TRUE	FALSE		FALSE	
global	banner		consent.banner.saved	saved	Saved.	Disimpan.	microcopy	TRUE	unresolved	translated	6	9	1.50		TRUE	FALSE		FALSE	
global	modal		consent.modal.title	title	Customize your data choices	Sesuaikan pilihan data anda	heading	TRUE	unresolved	translated	27	27	1.00		TRUE	FALSE		FALSE	
global	modal		consent.modal.clearData	clearData	Clear my data	Padam data saya	microcopy	TRUE	unresolved	translated	13	15	1.15		TRUE	FALSE		FALSE	
global	toggles		consent.toggles.necessary.label	label	Necessary	Diperlukan	label	TRUE	unresolved	translated	9	10	1.11	Necessary	TRUE	FALSE		FALSE	
global	toggles		consent.toggles.necessary.description	description	Required for the site to work — your language choice, text size, and these consent settings.	Diperlukan untuk laman ini berfungsi — pilihan bahasa, saiz teks, dan tetapan persetujuan ini.	body	TRUE	unresolved	translated	92	94	1.02	Consent;Text size	TRUE	FALSE		FALSE	
global	toggles		consent.toggles.necessary.locked	locked	Always on	Sentiasa aktif	microcopy	TRUE	unresolved	translated	9	14	1.56		TRUE	FALSE		FALSE	
global	toggles		consent.toggles.analytics.label	label	Analytics	Analitik	label	TRUE	unresolved	translated	9	8	0.89	Analytics	TRUE	FALSE		FALSE	
global	toggles		consent.toggles.analytics.description	description	Counts of pages viewed and buttons clicked, kept in your own browser for the on-site analytics demo. Nothing is sent to us or to any analytics provider.	Kiraan halaman yang dilihat dan butang yang diklik, disimpan dalam pelayar anda sendiri untuk demo analitik di laman ini. Tiada apa-apa dihantar kepada kami atau kepada mana-mana penyedia analitik.	body	TRUE	unresolved	translated	152	197	1.30	Analytics	TRUE	FALSE		FALSE	
global	toggles		consent.toggles.personalization.label	label	Personalization	Pemperibadian	label	TRUE	unresolved	translated	15	13	0.87	Personalization	TRUE	FALSE		FALSE	
global	toggles		consent.toggles.personalization.description	description	Your answers to the 'tell us about your child' prompt. We use them to reorder what this site shows you, and to fill in your enquiry form if you contact us. This includes sensitive personal data; explicit consent only.	Jawapan anda kepada prompt 'ceritakan tentang anak anda'. Kami menggunakannya untuk menyusun semula apa yang laman ini tunjukkan kepada anda, dan untuk mengisi borang pertanyaan anda jika anda menghubungi kami. Ini termasuk data peribadi sensitif; hanya dengan persetujuan jelas.	body	TRUE	unresolved	translated	217	279	1.29	Child;Contact us;Sensitive personal data;Consent	TRUE	FALSE		FALSE	
global	toggles		consent.toggles.chatbot.label	label	Chat history	Sejarah sembang	label	TRUE	unresolved	translated	12	15	1.25	Chat history	TRUE	FALSE		FALSE	
global	toggles		consent.toggles.chatbot.description	description	Keeps your chat transcripts between visits, and lets what you told the assistant — your name, phone number and the service you asked about — carry over into the enquiry form. Off = this visit only.	Menyimpan transkrip sembang anda antara lawatan, dan membolehkan apa yang anda beritahu pembantu — nama, nombor telefon dan perkhidmatan yang anda tanyakan — dibawa ke dalam borang pertanyaan. Mati = lawatan ini sahaja.	body	TRUE	unresolved	translated	197	219	1.11		TRUE	FALSE		FALSE	
global	ariaLive		consent.ariaLive	ariaLive	Cookie banner shown.	Sepanduk kuki dipaparkan.	microcopy	TRUE	unresolved	translated	20	25	1.25		FALSE	FALSE		FALSE	
